entity,Pool_DDA_R1,Pool_DDA_R2,Pool_DDA_R3,Pool_DDA_R4,Pool_DDA_R5,Pool_DDA_R6,Pool_DDA_R7,Pool_DDA_R8
A0A075B6H7,1,0,1,1,0,0,0,0
A0A075B6K5,11,8,8,11,13,13,12,13
A0A075B6P5,14,13,12,13,12,10,13,13
A0A075B6S5,3,4,4,4,6,4,2,5
A0A0A0MRZ8,5,5,5,6,5,4,7,5
A0A0B4J1V0,3,5,1,2,3,2,2,2
A0A0B4J1Y9,0,1,4,1,0,2,1,3
A0A0C4DH25,1,0,0,0,0,0,0,0
A0A0C4DH29,14,16,9,16,10,14,15,13
A0A0C4DH35,2,5,4,4,3,1,3,3
A0A0C4DH38,3,5,4,4,4,3,4,6
A0A0C4DH41,6,4,8,7,9,4,8,9
A0A0J9YX35,0,1,0,0,0,1,0,1
A6NEC2,0,0,0,0,0,1,0,0
B9A064,29,35,31,32,31,37,36,32
O00299,8,10,8,9,6,8,3,7
O00584,0,1,1,0,1,0,0,1
O00764,0,0,1,0,0,0,0,0
O14950,2,1,1,1,0,1,0,2
O43150,1,0,1,0,1,0,0,0
O43707,8,8,11,12,10,7,11,8
O60814,8,11,10,12,13,9,11,10
O75083,1,0,0,0,1,2,0,1
O75363,0,0,0,0,0,1,0,0
O75368,0,0,0,0,0,1,1,0
O75556,483,564,564,555,529,563,558,551
O75828,2,1,1,1,2,1,1,0
O75874,2,1,3,2,1,1,0,2
O95336,0,0,0,0,0,0,0,1
O95886,0,0,1,1,1,0,1,0
O95968,99,106,88,88,102,103,91,106
O95994,0,0,0,1,0,0,0,1
P00326,3,6,2,4,2,2,4,1
P00338,9,11,14,16,16,17,17,17
P00352,40,40,39,39,44,44,39,37
P00390,2,2,1,1,0,5,2,4
P00450,56,60,76,72,68,58,64,71
P00558,11,12,13,13,12,9,13,14
P00734,1,2,3,2,2,3,3,0
P00738,74,73,79,80,71,77,77,79
P00747,5,4,3,5,4,7,5,4
P00751,12,9,8,12,15,14,7,11
P00966,1,2,2,2,3,1,3,1
P01008,4,5,7,8,4,5,6,7
P01009,71,82,87,81,78,78,76,76
P01011,17,16,14,15,13,11,15,18
P01019,0,0,1,0,1,0,1,0
P01023,17,20,18,25,22,19,24,20
P01024,108,123,118,131,101,112,98,108
P01034,11,12,9,10,9,8,11,9
P01036,352,368,389,367,367,363,367,371
P01037,17,20,20,22,18,23,21,17
P01042,1,3,4,3,2,1,6,3
P01591,171,158,184,176,153,176,169,170
P01593,3,3,5,3,2,3,3,3
P01619,24,23,25,18,19,21,23,22
P01624,2,7,3,4,4,7,5,4
P01700,8,8,8,8,8,6,7,8
P01721,1,2,2,0,0,1,0,1
P01764,8,4,4,8,4,10,4,3
P01766,0,0,0,1,1,0,0,0
P01780,4,8,6,6,5,4,6,7
P01782,9,12,14,11,11,10,13,16
P01833,531,597,591,572,567,564,568,555
P01834,255,291,269,277,273,270,272,247
P01859,63,70,75,72,70,64,59,66
P01860,11,14,13,15,14,9,11,12
P01861,5,4,6,6,5,3,5,3
P01871,75,85,82,78,80,82,81,77
P01876,1001,1036,1051,1029,1037,1006,1037,1037
P02533,41,31,28,32,30,34,29,34
P02538,34,45,49,45,44,36,41,53
P02545,3,3,3,1,4,4,3,2
P02647,38,41,51,45,46,50,41,41
P02652,19,16,15,19,20,18,14,18
P02656,3,3,2,5,3,3,3,4
P02671,12,9,16,14,12,10,12,12
P02675,22,27,28,28,32,20,32,22
P02679,15,19,20,23,23,21,19,24
P02747,0,0,0,0,0,1,0,1
P02749,9,11,16,15,11,8,7,11
P02750,1,1,0,0,0,0,1,2
P02760,1,0,0,1,2,1,2,2
P02763,11,11,12,20,11,14,11,12
P02765,3,7,5,6,4,7,5,2
P02766,1,1,0,1,0,3,1,1
P02768,2326,2448,2542,2513,2459,2503,2438,2453
P02774,25,33,29,29,26,27,32,29
P02787,183,195,197,185,181,186,184,182
P02788,4784,4977,5038,4993,4800,4791,4841,4874
P02790,48,47,42,52,45,43,49,52
P02814,16,16,14,12,15,17,15,14
P03973,31,35,32,36,30,32,36,31
P04003,2,0,0,2,2,1,1,0
P04004,4,5,6,3,5,5,5,7
P04075,20,13,14,14,19,15,20,23
P04080,6,9,12,9,8,7,7,15
P04083,94,98,109,106,105,102,104,94
P04114,0,1,0,1,0,0,0,0
P04155,0,1,0,0,0,0,0,0
P04217,0,0,2,0,0,1,0,0
P04264,141,155,150,152,142,143,148,140
P04406,32,41,35,33,33,33,33,34
P04632,4,3,4,4,4,5,4,8
P04746,0,0,0,0,1,0,0,0
P04792,44,54,59,55,51,57,50,51
P04844,1,0,0,0,0,0,0,0
P04908,9,11,11,14,11,10,10,14
P05023,1,1,2,2,1,1,2,0
P05090,9,8,11,9,12,5,10,7
P05109,3,4,4,6,3,3,4,4
P05155,2,3,5,5,6,5,5,5
P05164,1,0,0,1,0,0,0,0
P05387,0,0,1,2,0,0,1,1
P05783,1,0,0,0,1,0,0,0
P05787,3,3,3,3,5,5,6,2
P06312,5,7,6,7,7,8,6,9
P06396,34,33,31,34,27,29,36,31
P06702,21,24,24,25,27,23,26,24
P06727,1,4,3,4,4,2,5,3
P06733,68,78,87,77,76,79,75,76
P06744,4,4,1,2,2,3,2,3
P07195,1,1,1,0,0,1,0,1
P07237,2,2,1,0,1,2,4,2
P07339,3,4,5,5,4,2,5,6
P07355,42,49,49,43,45,42,45,44
P07384,6,6,8,4,8,6,9,5
P07602,3,2,4,5,1,3,7,4
P07737,9,8,6,6,6,8,9,8
P07858,7,7,3,7,7,5,5,8
P07900,4,7,5,9,10,6,6,10
P08238,3,2,2,1,1,1,2,2
P08311,1,0,0,0,0,0,0,1
P08571,0,1,0,0,0,0,0,0
P08603,3,3,2,3,5,1,4,4
P08727,92,92,93,86,87,96,97,98
P08729,15,12,10,10,13,10,14,16
P08758,5,3,8,7,9,5,5,6
P08779,1,1,1,1,3,1,3,1
P09211,30,44,44,44,39,38,47,35
P09228,4,6,4,2,2,4,4,6
P09467,3,6,3,5,5,4,4,6
P09525,0,0,1,2,0,0,2,1
P09972,0,1,2,3,2,3,3,2
P0A853,0,0,2,0,0,0,0,0
P0A8U2,3,6,5,6,6,8,7,4
P0C0L4,1,1,7,6,1,0,5,4
P0CG39,0,1,2,1,2,0,2,0
P0CG47,13,10,15,11,8,9,12,12
P0DMV8,31,38,33,36,29,31,34,33
P0DOX2,226,274,247,259,266,246,234,247
P0DOX5,213,217,231,234,225,223,229,231
P0DOX7,462,503,522,545,516,516,505,521
P0DOY2,130,148,149,148,150,139,131,142
P0DP23,5,4,7,7,5,5,3,5
P10599,8,8,7,10,7,10,9,10
P10909,64,74,81,77,73,63,75,76
P11021,1,0,4,3,0,1,4,0
P11142,2,0,0,1,1,1,0,0
P11413,0,1,1,0,1,1,0,0
P12273,762,856,879,895,818,820,821,785
P13489,2,1,1,2,1,2,2,1
P13639,0,0,1,3,1,1,3,1
P13645,103,110,106,107,117,101,106,124
P13646,130,132,121,124,124,130,119,135
P13647,82,93,95,99,93,97,101,97
P13797,0,0,1,1,1,1,1,1
P14174,9,8,8,9,10,11,7,8
P14550,3,4,3,6,4,4,7,2
P14555,33,28,24,30,22,26,28,28
P14618,46,46,50,45,45,38,46,53
P14923,0,1,0,0,0,1,0,0
P15311,1,2,5,3,0,4,5,3
P15531,2,4,0,2,1,1,2,1
P15880,0,0,0,0,0,0,1,0
P17655,1,3,3,3,1,2,0,3
P17931,16,18,16,14,19,14,15,11
P18206,0,1,0,0,0,0,0,0
P18510,3,7,6,9,6,4,6,4
P18669,1,0,3,4,3,3,6,5
P19013,114,115,119,114,107,108,111,123
P19652,1,2,4,5,5,3,2,4
P19823,2,1,2,2,3,2,2,1
P19827,0,0,1,2,1,2,0,1
P19971,1,0,0,0,0,0,0,0
P20061,1,2,7,2,3,2,2,2
P20930,0,0,1,0,0,1,1,0
P21980,33,40,40,42,41,39,44,37
P22079,6,11,7,11,7,10,8,13
P22314,0,0,6,2,1,1,2,2
P22352,0,0,0,0,1,0,0,0
P22528,1,2,2,0,0,4,1,1
P22626,2,0,1,3,2,1,1,2
P23526,0,0,0,1,1,0,0,0
P23528,15,13,15,21,15,12,17,15
P25311,357,336,345,344,351,331,344,330
P26447,20,16,15,17,18,18,17,19
P27348,4,5,3,3,4,2,2,4
P27482,1,1,0,0,0,0,0,1
P27797,2,0,1,3,3,0,1,1
P28062,0,0,0,0,1,0,0,0
P28325,2,5,3,3,2,3,3,3
P28799,2,1,0,1,0,0,0,0
P29401,8,7,5,5,4,4,3,2
P30041,12,13,12,10,13,11,11,19
P30044,25,28,24,28,24,22,30,27
P30050,1,0,0,1,0,0,1,0
P30085,1,1,2,0,2,1,1,1
P30086,10,13,11,21,14,14,14,18
P30101,1,1,1,0,0,0,2,1
P30740,27,23,20,16,20,24,26,25
P30838,18,25,29,28,22,20,25,26
P31025,2916,3053,3075,3099,2967,3044,3030,3058
P31146,1,1,0,1,1,2,2,2
P31946,7,8,8,6,7,6,8,12
P31947,2,0,1,3,3,2,3,3
P31949,18,15,19,21,21,15,20,18
P32119,4,5,5,4,2,2,4,5
P34096,8,7,8,8,8,9,9,6
P35326,2,1,2,2,2,1,0,0
P35527,53,57,60,60,57,55,65,53
P35908,17,17,19,13,15,14,13,18
P36894,21,28,41,27,36,31,21,22
P36952,1,1,0,0,1,0,1,0
P36955,0,1,0,0,0,0,1,0
P37802,8,5,6,5,6,10,3,9
P40121,0,1,1,0,0,0,2,0
P40394,1,4,4,4,3,4,4,5
P40925,4,3,3,3,4,5,3,6
P46940,0,0,0,1,0,1,0,0
P47895,4,2,5,4,2,3,1,3
P47914,1,1,0,0,0,0,0,1
P49368,0,0,0,0,0,1,0,0
P49788,4,2,2,2,2,3,2,1
P50395,0,0,0,2,1,0,0,1
P50502,0,1,0,0,1,0,0,1
P50995,2,2,3,0,4,6,2,4
P51858,0,0,0,0,1,0,0,0
P52209,2,6,5,8,9,5,5,7
P52565,1,2,5,3,3,3,2,5
P52566,0,1,1,0,0,0,0,0
P52895,0,0,0,0,0,0,0,1
P55058,9,6,8,11,5,9,8,14
P58546,0,1,0,2,0,0,1,1
P59665,26,25,26,27,29,27,29,26
P60174,30,35,37,41,18,28,30,24
P60660,1,2,2,3,1,1,1,1
P60709,110,124,131,103,123,106,111,116
P60953,4,4,5,8,3,5,2,5
P60981,2,2,0,0,1,1,1,2
P61158,1,0,1,0,1,0,1,0
P61204,0,3,3,0,1,0,0,1
P61247,0,0,0,0,0,0,0,1
P61626,863,930,905,918,855,923,868,901
P61769,19,25,19,23,17,18,18,22
P61916,0,1,0,1,0,1,1,3
P61981,2,1,1,1,2,0,1,3
P62258,1,2,2,2,2,4,3,3
P62328,1,0,0,0,0,0,0,0
P62805,31,31,30,27,28,30,30,33
P62820,1,1,0,0,0,1,1,1
P62937,24,33,32,40,31,30,31,26
P63104,37,36,46,42,40,36,45,48
P63208,0,0,0,0,0,0,1,1
P68104,25,24,29,29,28,24,31,29
P68133,14,15,16,13,12,12,15,15
P68363,11,10,13,13,13,11,12,12
P68371,2,10,16,8,12,12,15,12
P76524,1,0,2,0,1,1,0,1
P78417,0,1,1,1,0,0,0,1
P80188,26,24,33,32,20,27,31,25
P80303,2,5,7,7,5,5,7,7
P81605,7,5,6,6,6,6,6,5
P98088,50,67,65,63,54,59,59,61
P98160,31,31,30,29,24,21,36,29
Q00796,2,3,0,1,2,2,1,1
Q01469,30,25,23,23,23,18,29,25
Q01518,2,4,0,5,5,4,5,2
Q02818,2,1,1,3,2,0,2,1
Q06323,2,2,3,3,2,1,2,4
Q06830,23,24,28,22,27,23,25,22
Q08380,8,12,19,9,8,10,14,17
Q09666,2,1,1,2,0,2,1,1
Q13228,14,16,15,16,17,13,21,17
Q13421,48,49,51,50,51,49,56,51
Q14508,1,1,0,1,2,1,2,0
Q14515,0,1,2,0,2,1,1,0
Q14624,0,0,0,1,0,0,0,0
Q14697,3,1,5,3,2,3,6,3
Q14966,0,0,2,0,0,0,0,0
Q14974,0,1,0,1,0,0,0,1
Q15365,2,2,1,2,2,1,3,4
Q15631,1,0,0,1,0,0,0,0
Q15782,2,2,3,2,2,1,3,3
Q15847,1,1,2,2,0,0,0,5
Q16378,445,526,513,549,491,499,512,507
Q16651,0,0,0,0,0,0,1,1
Q562R1,0,2,0,0,0,1,1,1
Q6MZM9,14,13,11,14,11,9,11,12
Q6UXB2,4,3,5,4,3,2,5,2
Q7Z406,7,3,7,9,4,5,5,2
Q8N474,0,0,1,2,1,2,1,0
Q8NBJ4,1,2,1,0,0,0,0,0
Q8TAX7,6,8,4,6,5,5,4,6
Q8WUM4,3,2,1,1,1,2,2,0
Q96DA0,18,18,22,17,21,19,18,14
Q96HC4,0,0,0,0,0,0,1,0
Q96KP4,4,6,5,8,4,3,4,2
Q96S96,0,1,1,0,0,0,3,1
Q99497,4,3,4,5,4,3,4,4
Q99714,2,0,0,1,0,1,0,0
Q99935,60,58,68,74,69,61,74,74
Q99954,3,4,5,4,5,3,5,4
Q9BS40,0,0,0,1,0,1,0,1
Q9GZZ8,501,543,535,542,496,523,503,521
Q9H3U1,3,1,2,1,0,2,2,2
Q9HC38,1,0,0,0,0,1,1,1
Q9HCY8,0,0,0,1,0,0,0,0
Q9UBC9,1,2,0,1,1,0,0,0
Q9UBG3,1,3,0,0,3,0,1,2
Q9UGM3,177,208,205,201,206,197,200,195
Q9UL46,0,0,1,0,0,0,0,0
Q9Y5Z4,0,1,0,0,0,0,0,1
