entity,C:\Users\yzapl\Documents\data_prot\PXD062423\Pool_DIA_R1.mzML,C:\Users\yzapl\Documents\data_prot\PXD062423\Pool_DIA_R2.mzML,C:\Users\yzapl\Documents\data_prot\PXD062423\Pool_DIA_R3.mzML,C:\Users\yzapl\Documents\data_prot\PXD062423\Pool_DIA_R4.mzML,C:\Users\yzapl\Documents\data_prot\PXD062423\Pool_DIA_R5.mzML,C:\Users\yzapl\Documents\data_prot\PXD062423\Pool_DIA_R6.mzML,C:\Users\yzapl\Documents\data_prot\PXD062423\Pool_DIA_R7.mzML,C:\Users\yzapl\Documents\data_prot\PXD062423\Pool_DIA_R8.mzML
A0A075B6H7,2256700000,1948420000,1650820000,1979500000,1775910000,2135230000,2204150000,2358340000
A0A075B6K4,0,22139500,15549100,16810300,19231100,24861600,23882100,19057700
A0A075B6K5,275421000,274401000,263687000,284457000,290205000,340552000,308878000,333453000
A0A075B6P5,575712000,727687000,495989000,854753000,687701000,833496000,783781000,847925000
A0A075B6S5,80409400,49693900,45748300,58286400,52873200,60773500,30040400,42453900
A0A075B6S6,0,10366200,7544760,0,4770460,15738100,0,0
A0A0A0MRZ8,1702690000,1290320000,1124370000,1478490000,1178640000,1437570000,978685000,1234990000
A0A0A0MS15,249726000,213394000,205484000,231736000,205758000,228254000,224993000,235752000
A0A0B4J1X5,1030070000,939122000,808159000,992691000,860466000,1073160000,1017750000,972050000
A0A0B4J2D9,101787000,75374300,64760500,73337800,67200700,70361800,76905500,73040100
A0A0C4DH25,0,113669000,0,0,94300800,130580000,122650000,112001000
A0A0C4DH29,12443400,275500000,9041890,23343300,14156200,14135600,262029000,12382300
A0A0C4DH31,1394500000,1181230000,1062130000,1399470000,1142380000,1350720000,21181800,1460270000
A0A0C4DH35,175584000,174781000,125173000,195050000,163908000,167260000,173828000,177255000
A0A0C4DH38,64336300,51893900,50695200,58262200,46825800,61399300,62775800,63932100
A0A0C4DH41,234321000,175197000,166581000,222859000,163733000,181381000,209528000,200179000
A0A0C4DH72,50975800,33681800,39901200,48126500,46195400,46122300,58415400,51179000
A0A0J9YX35,99967400,85242800,63125300,120306000,63043400,110634000,60297800,118020000
A0A2R8Y4L2,0,21889800,0,13339600,22295800,17921800,19989300,17266200
A0M8Q6,4747000000,4326560000,3425580000,4025090000,3477050000,4198160000,3597350000,4562600000
A5A3E0,875965000,665158000,631842000,758390000,700665000,790105000,658304000,838185000
A6NIZ1,0,0,0,0,3705190,0,0,0
A6NM10,0,0,0,0,12565700,0,21101400,0
B9A064,7091470000,6495010000,5832270000,7170290000,5855110000,7303690000,7452630000,7374510000
O00148,0,23299000,14553100,22261400,17476600,20690100,21627300,17856600
O00151,115488000,88810800,71066500,93727300,72988800,87564200,97409900,90699100
O00299,64176900,58399400,44095600,58627700,49332500,58927700,49697500,58594800
O00391,125370000,122435000,70546400,97694500,91698400,101364000,84201100,117511000
O00560,17375000,13059900,0,21277600,12861600,16397100,12904000,15558600
O00584,35108900,35989400,31262300,33288700,29577900,41813400,34992000,34651100
O14745,36637800,28893200,25657200,28542500,26352000,32692100,38534800,33478700
O14818,0,10097300,5956450,8666720,6475080,5957820,9149400,6498000
O14907,16183900,11607800,11419100,13335700,12841600,14278800,13572400,10973400
O14950,120464000,90630100,85204400,98400800,82228300,103756000,106483000,93759600
O43175,47069300,32270700,35595100,36571900,32884200,45493300,42654500,39124200
O43242,0,4130150,0,3413340,3083520,0,4166670,3855950
O43488,0,6576030,4943740,8291740,4920450,6806400,6207740,0
O43653,0,46909200,0,0,25087600,46200500,56842500,46383500
O43707,139176000,118680000,111604000,136441000,114131000,139877000,121291000,146544000
O60437,0,4160550,0,0,5594180,6602030,5865290,0
O60664,29255400,25637200,19482500,34385700,28855300,27688000,18238200,26896800
O60814,3958870,52220800,80475300,69557600,69998300,73124400,66201800,84281700
O60888,95471000,70347700,67995600,74991500,58942600,62898900,61532700,86927000
O75083,192680000,181614000,157913000,166358000,148830000,200122000,179006000,175361000
O75368,20680200,21300700,12128900,17450000,20363300,22556000,18438000,22504300
O75556,30287200000,26611800000,23463700000,31216800000,24628200000,28443300000,27010800000,33680000000
O75629,0,0,2752790,0,0,0,6385930,0
O75874,197542000,161774000,129177000,190752000,142824000,182693000,172545000,148740000
O95239,0,0,0,0,0,0,0,0
O95336,97837400,85405600,78474600,91897000,78220400,91169700,94729400,92234900
O95834,39512500,35663400,26105100,34413500,25224700,36175700,27265200,25240700
O95968,14223700000,10503500000,10630900000,14735200000,10913000000,13842700000,11527500000,13030000000
O95994,115245000,106598000,92748700,141203000,94569800,125084000,116631000,119527000
P00326,143164000,91019100,94519700,99910700,96368600,101125000,116401000,98057700
P00338,487484000,443891000,549477000,613900000,494614000,601936000,618116000,495009000
P00350,0,0,0,0,0,0,0,0
P00352,497005000,425744000,352614000,448418000,412727000,491249000,446809000,518648000
P00363,0,0,0,0,0,0,0,0
P00370,0,0,0,0,0,0,0,0
P00390,336263000,214386000,196330000,266269000,196050000,204431000,250359000,238509000
P00393,0,0,0,0,0,0,0,0
P00403,55785000,76764000,0,0,40037900,60242900,69131400,0
P00441,102750000,86182400,82835000,87408500,64421200,94513000,99036900,94181100
P00448,0,9487110,0,0,0,0,0,0
P00450,468504000,580954000,553936000,673227000,504528000,679159000,670327000,684766000
P00452,0,0,0,0,0,0,0,0
P00490,0,0,0,0,0,0,0,0
P00509,0,0,0,0,0,0,0,0
P00550,0,0,0,0,0,0,0,0
P00558,321909000,220802000,225055000,263087000,224803000,279307000,256065000,282566000
P00561,0,0,0,0,0,0,0,0
P00562,0,0,0,0,0,0,0,0
P00579,0,0,0,0,0,0,0,0
P00582,0,0,0,0,0,0,0,0
P00722,0,0,0,0,0,0,0,0
P00734,46943100,44579100,35602200,49161400,39112700,46279500,46809400,49888200
P00738,1298780000,985967000,961492000,1206080000,1048910000,1221010000,1251710000,1322280000
P00747,70370500,58632300,49627900,77692400,53480700,70988600,66236700,66516800
P00751,53225200,53684900,44565200,61275600,53896800,63930800,55067600,62986100
P00805,0,0,0,0,0,0,0,0
P00864,0,0,0,0,0,0,0,0
P00887,0,0,0,0,0,0,0,0
P00934,0,0,0,0,0,0,0,0
P00946,0,0,0,0,0,0,0,0
P00954,0,0,0,0,0,0,0,0
P00956,0,0,0,0,0,0,0,0
P00957,0,0,0,0,0,0,0,0
P00959,0,0,0,0,0,0,0,0
P00960,0,0,0,0,0,0,0,0
P00961,0,0,0,0,0,0,0,0
P00962,0,0,0,0,0,0,0,0
P00963,0,0,0,0,0,0,0,0
P00966,200691000,174191000,144652000,183697000,177336000,193047000,197049000,156400000
P00968,0,0,0,0,0,0,0,0
P01008,103463000,97771300,79238700,105204000,88720000,108491000,94704600,102741000
P01009,1115370000,911747000,869018000,1051430000,862331000,1084340000,931253000,1122320000
P01011,376212000,291279000,268531000,318834000,274443000,309495000,312109000,306491000
P01019,3282950,48194600,49238800,51198000,68829500,35241900,18917000,34815100
P01023,568031000,518525000,446071000,537065000,439074000,574261000,513265000,583723000
P01024,803591000,652813000,563453000,675020000,610499000,712042000,704225000,739054000
P01033,65133700,57721000,51980700,61031400,50179300,84678000,67985800,75705100
P01034,354480000,269010000,249795000,316359000,292438000,351584000,341613000,295069000
P01036,9741360000,8326260000,7052490000,8981620000,7883260000,9466220000,9269720000,10038000000
P01037,819830000,820149000,693758000,958595000,798084000,956099000,816510000,964863000
P01042,121692000,94507600,84179900,105437000,79858100,106954000,107346000,103770000
P01591,13215700000,9361370000,8442530000,10888300000,9097730000,10943200000,10753400000,11588900000
P01593,63281100,56238500,42326800,53775800,51443500,60236300,53485800,60482800
P01597,0,29724900,27603300,37258800,35082000,41364300,40643800,43870800
P01599,41013800,37163100,26893300,39177300,33466200,40851700,35652400,20541900
P01619,3194200000,2578400000,2521710000,2844200000,2636010000,2905850000,3559540000,2675200000
P01624,103313000,87489500,78911300,104421000,0,106036000,102857000,0
P01700,880827000,759680000,730504000,914487000,808754000,890342000,787040000,776548000
P01721,35350300,34810700,34869000,36986000,30469500,40828200,38078200,32204900
P01743,22447700,26654300,16821900,23775500,26561400,24790400,25580300,31192700
P01766,0,106351000,0,187804000,123614000,0,188274000,219586000
P01780,569222000,475966000,407770000,534937000,408829000,516161000,441023000,674285000
P01833,15861700000,12721700000,11329300000,14536800000,12405200000,15406100000,14011400000,15305500000
P01834,17957900000,13625100000,11647200000,14536700000,11556000000,14477000000,13565100000,14965900000
P01859,7547710000,6182460000,5195870000,6711160000,5812490000,6609850000,6518460000,6945330000
P01860,337894000,301387000,300802000,309368000,337822000,415667000,225854000,419537000
P01861,247262000,192166000,167792000,172356000,183714000,213097000,210855000,220772000
P01871,2162780000,1747430000,1550060000,1942280000,1632150000,1991200000,1895970000,2021610000
P01876,24973400000,20951300000,18720600000,21341400000,19929900000,23654900000,21994400000,22687700000
P01877,0,3055890,0,6756170,0,6169190,7217460,4564570
P01893,0,57813100,44720600,0,65620600,65597100,59819300,74391800
P02358,0,0,0,0,0,0,0,0
P02359,0,0,0,0,0,0,0,0
P02413,0,0,0,0,0,0,0,0
P02452,0,0,0,0,0,0,0,0
P02533,455041000,340251000,296676000,375669000,333301000,421268000,370238000,369585000
P02538,431653000,330307000,307852000,383628000,350662000,399173000,350761000,399759000
P02545,19706400,17429400,19617600,20211400,17357800,20677300,23261800,27121900
P02647,1354470000,1200650000,1002430000,1287810000,1042620000,1350440000,1213350000,1322600000
P02649,26737300,17677300,19555200,26414500,14100400,17006000,30008900,28520200
P02652,0,0,26887500,19323400,52733000,11643400,0,0
P02656,41527900,29925400,23289500,29356200,19137200,27868300,26539700,27886700
P02671,363604000,303064000,252477000,325361000,269731000,353762000,321400000,341107000
P02675,338328000,262743000,224844000,299604000,257413000,315974000,292601000,311121000
P02679,214061000,171879000,148462000,184489000,166641000,191079000,192765000,191024000
P02748,14348900,15488200,13815200,16673100,12758100,19892000,12402300,14664100
P02749,50983400,47447200,34283800,54365900,47923000,57377200,43735800,47365100
P02750,0,5838120,8217560,0,0,0,9937750,0
P02751,8601630,12269100,10052900,14262200,14001200,12048000,11024700,14104500
P02760,146955000,123324000,117061000,154442000,113514000,127376000,152360000,140067000
P02763,526428000,428525000,293912000,468413000,414224000,530100000,498931000,526480000
P02765,173423000,132510000,126540000,158812000,113391000,156680000,149061000,164966000
P02766,0,21475900,14913100,23505500,19046100,22492000,37181100,24577900
P02768,69935600000,52272200000,45879000000,56321400000,50605600000,60696100000,59456300000,61327200000
P02774,240508000,203377000,167340000,207199000,185784000,224428000,227321000,207704000
P02787,2160990000,1837240000,1668490000,2003540000,1741470000,2069620000,1947650000,2016960000
P02788,107176000000,85089400000,76355900000,94421800000,82329400000,98913900000,93790500000,100300000000
P02790,1590590000,1270400000,1131190000,1473900000,1187210000,1480850000,1478260000,1519940000
P02814,294849000,261046000,198601000,286696000,245649000,241951000,270089000,311919000
P02924,0,0,0,0,0,0,0,0
P02925,0,0,0,0,0,0,0,0
P03018,0,0,0,0,0,0,0,0
P03841,0,0,0,0,0,0,0,0
P03973,2004710000,1443370000,1313060000,1627020000,1363530000,1641910000,1576630000,1298090000
P04003,55835800,44061200,50468200,62949700,44221100,67020500,55323800,56651800
P04004,246246000,250846000,215888000,264933000,234792000,316669000,231007000,293120000
P04036,0,0,0,0,0,0,0,0
P04075,374073000,283076000,262456000,310540000,276533000,327277000,322482000,324354000
P04079,0,0,0,0,0,0,0,0
P04080,158288000,134035000,118026000,148169000,121566000,124399000,157336000,130549000
P04083,1001930000,896973000,815424000,1013080000,907383000,1069110000,1002640000,1071060000
P04114,53136800,30944800,25512600,31768800,28276500,37658200,33985200,43206200
P04155,73150800,65434400,58681200,74130600,59937000,77311200,68566000,78362500
P04196,38515800,91266200,97116500,38819400,83992000,111355000,115023000,63599100
P04217,146635000,188590000,142022000,183586000,181044000,214198000,206015000,213865000
P04264,2757840000,2182090000,1903490000,2327760000,2011170000,2419510000,2375670000,2485300000
P04335,0,0,0,0,0,0,0,0
P04406,1652320000,1289400000,1124920000,1397110000,1171410000,1380710000,1488340000,1412670000
P04425,0,0,0,0,0,0,0,0
P04430,0,0,0,0,0,6637220,0,0
P04632,143904000,229947000,164538000,263332000,250675000,200598000,224699000,257136000
P04693,0,0,0,0,0,0,0,0
P04792,2492260000,2196920000,1795600000,2385670000,1973500000,2354540000,2264110000,2360450000
P04805,0,0,0,0,0,0,0,0
P04825,0,0,0,0,0,0,0,0
P04846,0,0,0,0,0,0,0,0
P04908,1513700000,1559050000,1385600000,2049900000,1504070000,1133180000,1739360000,1797370000
P04951,0,0,0,0,0,0,0,0
P04982,0,0,0,0,0,0,0,0
P04983,0,0,0,0,0,0,0,0
P05023,20477600,13535600,10976000,13507300,12629800,15037500,14660000,9612370
P05026,0,23811600,28491400,28007400,20628500,32136300,27591600,29847600
P05042,0,0,0,0,0,0,0,0
P05055,0,0,0,0,0,0,0,0
P05090,208419000,165444000,144359000,169583000,166225000,188332000,183416000,166872000
P05109,1110110000,989176000,866591000,1082220000,909353000,1100450000,1125670000,1085830000
P05155,95362100,80909200,65886100,87986600,72643600,80918100,81444100,81084300
P05164,61900800,53382000,48207500,60997900,44251300,50206600,54293400,61029500
P05194,0,0,0,0,0,0,0,0
P05387,28014500,29268300,27045700,34394100,19041100,34826900,30757000,36348500
P05459,0,0,0,0,0,0,0,0
P05783,20637700,16380500,14093200,13573100,17053900,20319000,14935100,16741900
P05787,347447000,272897000,232814000,277292000,231059000,311025000,290406000,285896000
P05791,0,0,0,0,0,0,0,0
P05793,0,0,0,0,0,0,0,0
P06149,0,0,0,0,0,0,0,0
P06312,1015870000,891792000,740107000,896857000,879247000,1038980000,1033470000,1008350000
P06396,129377000,118906000,101606000,126612000,112730000,136249000,122812000,122203000
P06576,23459700,17678200,14639100,17213000,15681800,20165700,15397700,21129000
P06610,0,0,0,0,0,0,0,0
P06612,0,0,0,0,0,0,0,0
P06702,242616000,203864000,159876000,215579000,180865000,207095000,179445000,219051000
P06703,0,2955610000,0,0,2383960000,0,0,0
P06715,0,0,0,0,0,0,0,0
P06720,0,0,0,0,0,0,0,0
P06721,0,0,0,0,0,0,0,0
P06727,84278400,77419000,47777000,83551700,61876600,78568800,70452500,81477400
P06733,822473000,680445000,640610000,793211000,651010000,845867000,809232000,810034000
P06737,0,63160200,95287600,0,101779000,137349000,133000000,112901000
P06744,41490800,38848300,29122400,48423900,35867500,44898700,45411900,46901500
P06959,0,0,0,0,0,0,0,0
P06961,0,0,0,0,0,0,0,0
P06968,0,0,0,0,0,0,0,0
P06983,0,0,0,0,0,0,0,0
P06986,0,0,0,0,0,0,0,0
P06987,0,0,0,0,0,0,0,0
P06988,0,0,0,0,0,0,0,0
P06992,0,0,0,0,0,0,0,0
P06999,0,1201930,1459090,0,0,0,0,0
P07003,0,0,0,0,0,0,0,0
P07004,0,0,0,0,0,0,0,0
P07012,0,0,0,0,0,0,0,0
P07014,0,0,0,0,0,0,0,0
P07023,0,0,0,0,0,0,0,0
P07024,0,0,0,0,0,0,0,0
P07118,0,0,0,0,0,0,0,0
P07195,0,832613,0,0,0,0,0,0
P07203,87018400,48834500,53837200,64896100,54407200,68811500,59179300,58549700
P07237,28267800,25744700,23383300,28176600,23152600,28934800,29893000,24490000
P07339,215733000,175738000,162894000,192685000,178460000,205315000,205333000,217809000
P07355,855235000,766121000,672406000,800367000,692767000,795778000,799110000,840123000
P07384,254387000,211934000,188184000,225516000,190096000,207846000,206416000,209509000
P07395,0,0,0,0,0,0,0,0
P07437,0,8079170,7507670,0,13449700,7040540,10206800,15858600
P07464,0,0,0,0,0,0,0,0
P07477,0,0,0,0,0,0,0,0
P07602,139773000,126318000,127023000,146238000,122464000,162796000,149008000,152865000
P07604,0,0,0,0,0,0,0,0
P07639,0,0,0,0,0,0,0,0
P07650,0,0,0,0,0,0,0,0
P07711,20906600,19155700,22490300,32270900,16442200,25657800,22472600,26385000
P07737,282884000,284183000,202622000,290497000,266837000,281677000,259246000,320929000
P07741,99620400,63281400,65426800,73064700,67660200,92637700,61956300,80184700
P07762,0,0,0,0,0,0,0,0
P07813,0,0,0,0,0,0,0,0
P07858,356696000,278801000,217328000,299695000,257337000,332154000,276418000,351809000
P07862,0,0,0,0,0,0,0,0
P07900,71109600,80773600,67064400,72740200,80498100,83960200,76456200,73690400
P07913,0,0,0,0,0,0,0,0
P08174,0,20460000,20169500,19406200,19791200,26142400,26169600,24745200
P08178,0,0,0,0,0,0,0,0
P08179,0,0,0,0,0,0,0,0
P08192,0,0,0,0,0,0,0,0
P08194,0,0,0,0,0,0,0,0
P08200,0,0,0,0,0,0,0,0
P08238,0,37516900,32601000,35176900,39697000,24508200,41113900,41024400
P08246,0,4057380,6343950,12078200,3796720,11262100,7691740,7927030
P08311,88860800,67225800,52353500,74900000,65659900,80522100,72605200,83221300
P08312,0,0,0,0,0,0,0,0
P08390,0,0,0,0,0,0,0,0
P08506,0,0,0,0,0,0,0,0
P08571,46679400,48255400,49461400,55369400,42141100,55979400,44945700,52627200
P08603,74314500,64066900,64326300,73063300,60913300,80872300,80123900,81274400
P08622,0,0,0,0,0,0,0,0
P08670,11512500,7789930,9869880,9038660,9432420,10186600,10965100,10255700
P08727,3196120000,2323950000,2092130000,2555950000,2303040000,2674060000,2551800000,2633380000
P08729,258131000,221960000,181846000,241302000,201499000,233336000,197121000,220896000
P08758,120058000,145330000,143777000,176213000,171263000,156906000,183087000,155968000
P08779,63463200,45304400,49115300,47866700,52636800,55294600,68622400,52604100
P08839,0,0,0,0,0,0,0,0
P08865,38055000,26371900,22607800,28116100,26268300,28408000,22025200,34675200
P08957,0,0,0,0,0,0,0,0
P08997,0,0,0,0,0,0,0,0
P09030,0,0,0,0,0,0,0,0
P09053,0,0,0,0,0,0,0,0
P09127,0,0,0,0,0,0,0,0
P09147,0,0,0,0,0,0,0,0
P09148,0,0,0,0,0,0,0,0
P09151,0,0,0,0,0,0,0,0
P09158,0,0,0,0,0,0,0,0
P09211,826210000,740029000,666385000,832051000,645001000,863251000,770916000,767776000
P09228,171576000,137692000,138685000,183842000,132103000,172520000,152908000,162478000
P09323,0,0,0,0,0,0,0,0
P09372,0,0,0,0,0,0,0,0
P09373,0,0,0,0,0,0,0,0
P09394,0,0,0,0,0,0,0,0
P09424,0,0,0,0,0,0,0,0
P09467,17374000,18008900,22315800,61898900,21758700,34266600,66803800,29167200
P09525,26330800,27294100,24308500,28288500,19116500,28940200,29059400,26879100
P09546,0,0,0,0,0,0,0,0
P09551,0,0,0,0,0,0,0,0
P09758,26718700,22121400,19867600,23031700,20038100,25339000,23413200,23063600
P09831,0,0,0,0,0,0,0,0
P09832,0,0,0,0,0,0,0,0
P09960,0,11143900,24950100,23670700,13721600,17288700,22827200,12178700
P0A698,0,0,0,0,0,0,0,0
P0A6A3,0,0,0,0,0,0,0,0
P0A6A6,0,0,0,0,0,0,0,0
P0A6A8,0,0,0,0,0,0,0,0
P0A6B4,0,0,0,0,0,0,0,0
P0A6B7,0,0,0,0,0,0,0,0
P0A6D0,0,0,0,0,0,0,0,0
P0A6D3,0,0,0,0,0,0,0,0
P0A6D7,0,0,0,0,0,0,0,0
P0A6E4,0,0,0,0,0,0,0,0
P0A6E6,0,0,0,0,0,0,0,0
P0A6F1,0,0,0,0,0,0,0,0
P0A6F3,0,0,0,0,0,0,0,0
P0A6F5,0,0,0,0,0,0,0,0
P0A6F9,0,0,0,0,0,0,0,0
P0A6G3,0,0,0,0,0,0,0,0
P0A6G7,0,0,0,0,0,0,0,0
P0A6H1,0,0,0,0,0,0,0,0
P0A6H5,0,0,0,0,0,0,0,0
P0A6I0,0,0,0,0,0,0,0,0
P0A6I3,0,0,0,0,0,0,0,0
P0A6J5,0,0,0,0,0,0,0,0
P0A6J8,0,0,0,0,0,0,0,0
P0A6K1,0,0,0,0,0,0,0,0
P0A6K3,0,0,0,0,0,0,0,0
P0A6K6,0,0,0,0,0,0,0,0
P0A6L0,0,0,0,0,0,0,0,0
P0A6L2,0,0,0,0,0,0,0,0
P0A6M8,0,0,0,0,0,0,0,0
P0A6N4,0,0,0,0,0,0,0,0
P0A6N8,0,0,0,0,0,0,0,0
P0A6P1,0,0,0,0,0,0,0,0
P0A6P5,0,0,0,0,0,0,0,0
P0A6P7,0,0,0,0,0,0,0,0
P0A6P9,0,0,0,0,0,0,0,0
P0A6Q3,0,0,0,0,0,0,0,0
P0A6R0,0,0,0,0,0,0,0,0
P0A6S7,0,0,0,0,0,0,0,0
P0A6T1,0,0,0,0,0,0,0,0
P0A6T5,0,0,0,0,0,0,0,0
P0A6U5,0,0,0,0,0,0,0,0
P0A6U8,0,0,0,0,0,0,0,0
P0A6V1,0,0,0,0,0,0,0,0
P0A6V8,0,0,0,0,0,0,0,0
P0A6W5,0,0,0,0,0,0,0,0
P0A6W9,0,0,0,0,0,0,0,0
P0A6X7,0,0,0,0,0,0,0,0
P0A6Y1,0,0,0,0,0,0,0,0
P0A6Y5,0,0,0,0,0,0,0,0
P0A6Y8,0,0,0,0,0,0,0,0
P0A6Z1,0,0,0,0,0,0,0,0
P0A6Z3,0,0,0,0,0,0,0,0
P0A705,0,0,0,0,0,0,0,0
P0A707,0,0,0,0,0,0,0,0
P0A715,0,0,0,0,0,0,0,0
P0A717,0,0,0,0,0,0,0,0
P0A722,0,0,0,0,0,0,0,0
P0A725,0,0,0,0,0,0,0,0
P0A729,0,0,0,0,0,0,0,0
P0A734,0,0,0,0,0,0,0,0
P0A742,0,0,0,0,0,0,0,0
P0A744,0,0,0,0,0,0,0,0
P0A749,0,0,0,0,0,0,0,0
P0A759,0,0,0,0,0,0,0,0
P0A761,0,0,0,0,0,0,0,0
P0A763,0,0,0,0,0,0,0,0
P0A780,0,0,0,0,0,0,0,0
P0A784,0,0,0,0,0,0,0,0
P0A786,0,0,0,0,0,0,0,0
P0A794,0,0,0,0,0,0,0,0
P0A796,0,0,0,0,0,0,0,0
P0A799,0,0,0,0,0,0,0,0
P0A7A2,0,0,0,0,0,0,0,0
P0A7A9,0,0,0,0,0,0,0,0
P0A7B1,0,0,0,0,0,0,0,0
P0A7B5,0,0,0,0,0,0,0,0
P0A7B8,0,0,0,0,0,0,0,0
P0A7C2,0,0,0,0,0,0,0,0
P0A7C6,0,0,0,0,0,0,0,0
P0A7D1,0,0,0,0,0,0,0,0
P0A7D4,0,0,0,0,0,0,0,0
P0A7D7,0,0,0,0,0,0,0,0
P0A7E1,0,0,0,0,0,0,0,0
P0A7E5,0,0,0,0,0,0,0,0
P0A7F3,0,0,0,0,0,0,0,0
P0A7G6,0,0,0,0,0,0,0,0
P0A7I0,0,0,0,0,0,0,0,0
P0A7I4,0,0,0,0,0,0,0,0
P0A7J3,0,0,0,0,0,0,0,0
P0A7J7,0,0,0,0,0,0,0,0
P0A7K2,0,0,0,0,0,0,0,0
P0A7K6,0,0,0,0,0,0,0,0
P0A7L0,0,0,0,0,0,0,0,0
P0A7L3,0,0,0,0,0,0,0,0
P0A7L8,0,0,0,0,0,0,0,0
P0A7M2,0,0,0,0,0,0,80653900,0
P0A7M6,0,0,0,0,0,0,0,0
P0A7M9,0,0,0,0,0,0,0,0
P0A7N4,0,0,0,0,0,0,0,0
P0A7N9,0,0,0,0,0,0,0,0
P0A7R1,0,0,0,0,0,0,0,0
P0A7R5,0,0,0,0,0,0,0,0
P0A7R9,0,0,0,0,0,0,0,0
P0A7S3,0,0,0,0,0,0,0,0
P0A7S9,0,0,0,0,0,0,0,0
P0A7T3,0,0,0,0,0,0,0,0
P0A7T7,0,0,0,0,0,0,0,0
P0A7U3,0,0,0,0,0,0,0,0
P0A7U7,0,0,0,0,0,0,0,0
P0A7V0,0,0,0,0,0,0,0,0
P0A7V3,0,0,0,0,0,0,0,0
P0A7V8,0,0,0,0,0,0,0,0
P0A7W1,0,0,0,0,0,0,0,0
P0A7W7,0,0,0,0,0,0,0,0
P0A7X3,0,0,0,0,0,0,0,0
P0A7X6,0,0,0,0,0,0,0,0
P0A7Y8,0,0,0,0,0,0,0,0
P0A7Z0,0,0,0,0,0,0,0,0
P0A7Z4,0,0,0,0,0,0,0,0
P0A800,0,0,0,0,0,0,0,0
P0A805,0,0,0,0,0,0,0,0
P0A812,0,0,0,0,0,0,0,0
P0A817,0,0,0,0,0,0,0,0
P0A821,0,0,0,0,0,0,0,0
P0A825,0,0,0,0,0,0,0,0
P0A832,0,0,0,0,0,0,0,0
P0A836,0,0,0,0,0,0,0,0
P0A840,0,0,0,0,0,0,0,0
P0A847,0,0,0,0,0,0,0,0
P0A850,0,0,0,0,0,0,0,0
P0A853,0,0,0,0,0,0,0,0
P0A855,0,0,0,0,0,0,0,0
P0A858,0,0,0,0,0,0,0,0
P0A862,0,0,0,0,0,0,0,0
P0A867,0,0,0,0,0,0,0,0
P0A870,0,0,0,0,0,0,0,0
P0A873,0,0,0,0,0,0,0,0
P0A877,0,0,0,0,0,0,0,0
P0A879,0,0,0,0,0,0,0,0
P0A881,0,0,0,0,0,0,0,0
P0A884,0,0,0,0,0,0,0,0
P0A8A0,0,0,0,0,0,0,0,0
P0A8A2,0,0,0,0,0,0,0,0
P0A8A8,0,0,0,0,0,0,0,0
P0A8B5,0,0,0,0,0,0,0,0
P0A8C4,0,0,0,0,0,0,0,0
P0A8D6,0,0,0,0,0,0,0,0
P0A8E1,0,0,0,0,0,0,0,0
P0A8E7,0,0,0,0,0,0,0,0
P0A8F0,0,0,0,0,0,0,0,0
P0A8F8,0,0,0,0,0,0,0,0
P0A8G3,0,0,0,0,0,0,0,0
P0A8G6,0,0,0,0,0,0,0,0
P0A8G9,0,0,0,0,0,0,0,0
P0A8H6,0,0,0,0,0,0,0,0
P0A8H8,0,0,0,0,0,0,0,0
P0A8I5,0,0,0,0,0,0,0,0
P0A8J2,7032380000,7035030000,5203920000,0,6764770000,7898280000,5499620000,7956580000
P0A8J4,0,0,0,0,0,0,0,0
P0A8J8,0,0,0,0,0,0,0,0
P0A8K5,0,0,0,0,0,0,0,0
P0A8L1,0,0,0,0,0,0,0,0
P0A8M0,0,0,0,0,0,0,0,0
P0A8M3,0,0,0,0,0,0,0,0
P0A8M6,0,0,0,0,0,0,0,0
P0A8N3,0,0,0,0,0,0,0,0
P0A8N5,0,0,0,0,0,0,0,0
P0A8P3,0,0,0,0,0,0,0,0
P0A8R0,0,0,0,0,0,0,0,0
P0A8R4,0,0,0,0,0,0,0,0
P0A8S1,0,0,0,0,0,0,0,0
P0A8T1,0,0,0,0,0,0,0,0
P0A8T7,0,0,0,0,0,0,0,0
P0A8V0,0,0,0,0,0,0,0,0
P0A8V2,0,7776340,0,0,0,0,0,0
P0A8W2,0,0,0,0,0,0,0,0
P0A8W8,0,0,0,0,0,0,0,0
P0A8X0,0,0,0,0,0,0,0,0
P0A8X2,0,0,0,0,0,0,0,0
P0A8Y3,0,0,0,0,0,0,0,0
P0A8Y5,0,0,0,0,0,0,0,0
P0A905,0,0,0,0,0,0,0,0
P0A910,0,0,0,0,0,0,0,0
P0A940,0,0,0,0,0,0,0,0
P0A953,0,0,0,0,0,0,0,0
P0A955,0,0,0,0,0,0,0,0
P0A962,0,0,0,0,0,0,0,0
P0A972,0,0,0,0,0,0,0,0
P0A991,0,0,0,0,0,0,0,0
P0A993,0,0,0,0,0,0,0,0
P0A9A6,0,0,0,0,0,0,0,0
P0A9A9,0,0,0,0,0,0,0,0
P0A9B2,0,0,0,0,0,0,0,0
P0A9C0,0,0,0,0,0,0,0,0
P0A9C3,0,0,0,0,0,0,0,0
P0A9C5,0,0,0,0,0,0,0,0
P0A9C9,0,0,0,0,0,0,0,0
P0A9D2,0,0,0,0,0,0,0,0
P0A9D4,0,0,0,0,0,0,0,0
P0A9D8,0,0,0,0,0,0,0,0
P0A9F3,0,0,0,0,0,0,0,0
P0A9G2,0,0,0,0,0,0,0,0
P0A9G6,0,0,0,0,0,0,0,0
P0A9H1,0,0,0,0,0,0,0,0
P0A9J0,0,0,0,0,0,0,0,0
P0A9J6,0,0,0,0,0,0,0,0
P0A9J8,0,0,0,0,0,0,0,0
P0A9K3,0,0,0,0,0,0,0,0
P0A9K9,0,0,0,0,0,0,0,0
P0A9L3,0,0,0,0,0,0,0,0
P0A9L8,0,0,0,0,0,0,0,0
P0A9M0,0,0,0,0,0,0,0,0
P0A9M2,0,0,0,0,0,0,0,0
P0A9M5,0,0,0,0,0,0,0,0
P0A9M8,0,0,0,0,0,0,0,0
P0A9N4,0,0,0,0,0,0,0,0
P0A9P0,0,0,0,0,0,0,0,0
P0A9P4,0,0,0,0,0,0,0,0
P0A9Q1,0,0,0,0,0,0,0,0
P0A9Q5,0,0,0,0,0,0,0,0
P0A9Q7,0,0,0,0,0,0,0,0
P0A9Q9,0,0,0,0,0,0,0,0
P0A9R4,0,0,0,0,0,0,0,0
P0A9S1,0,0,0,0,0,0,0,0
P0A9T0,0,0,0,0,0,0,0,0
P0A9U3,0,0,0,0,0,0,0,0
P0A9W3,0,0,0,0,0,0,0,0
P0A9X4,0,0,0,0,0,0,0,0
P0A9X9,0,0,0,0,0,0,0,0
P0A9Y6,0,0,0,0,0,0,0,0
P0A9Z1,0,0,0,0,0,0,0,0
P0AA04,0,0,0,0,0,0,0,0
P0AA10,0,0,0,0,0,0,0,0
P0AA16,0,0,0,0,0,0,0,0
P0AA25,0,0,0,0,0,0,0,0
P0AA31,0,0,0,0,0,0,0,0
P0AA43,0,0,0,0,0,0,0,0
P0AA89,0,0,0,0,0,0,0,0
P0AAB6,0,0,0,0,0,0,0,0
P0AAC0,0,0,0,0,0,0,0,0
P0AAE0,0,0,0,0,0,0,0,0
P0AAG0,0,0,0,0,0,0,0,0
P0AAG8,0,0,0,0,0,0,0,0
P0AAI3,0,0,0,0,0,0,0,0
P0AAI5,0,0,0,0,0,0,0,0
P0AAI9,0,0,0,0,0,0,0,0
P0AAN5,0,0,0,0,0,0,0,0
P0AAP3,0,0,0,0,0,0,0,0
P0AAQ2,0,0,0,0,0,0,0,0
P0AAR3,0,0,0,0,0,0,0,0
P0AAT9,0,0,0,0,0,0,0,0
P0AAV4,0,0,0,0,0,0,0,0
P0AAV6,0,0,0,0,0,0,0,0
P0AAX8,0,0,0,0,0,0,0,0
P0AAZ7,0,0,0,0,0,0,0,0
P0AB14,0,0,0,0,0,0,0,0
P0AB24,0,0,0,0,0,0,0,0
P0AB28,0,0,0,0,0,0,0,0
P0AB61,0,0,0,0,0,0,0,0
P0AB65,0,0,0,0,0,0,0,0
P0AB71,0,0,0,0,0,0,0,0
P0AB77,0,0,0,0,0,0,0,0
P0AB80,0,0,0,0,0,0,0,0
P0AB89,0,0,0,0,0,0,0,0
P0AB91,0,0,0,0,0,0,0,0
P0ABA0,0,0,0,0,0,0,0,0
P0ABA4,0,0,0,0,0,0,0,0
P0ABA6,0,0,0,0,0,0,0,0
P0ABB0,0,0,0,0,0,0,0,0
P0ABB4,0,0,0,0,0,0,0,0
P0ABC3,0,0,0,0,0,0,0,0
P0ABC7,0,0,0,0,0,0,0,0
P0ABD5,0,0,0,0,0,0,0,0
P0ABD8,0,0,0,0,0,0,0,0
P0ABF1,0,0,0,0,0,0,0,0
P0ABF6,0,0,0,0,0,0,0,0
P0ABH7,0,0,0,0,0,0,0,0
P0ABH9,0,0,0,0,0,0,0,0
P0ABJ1,0,0,0,0,0,0,0,0
P0ABJ9,0,0,0,0,0,0,0,0
P0ABK5,0,0,0,0,0,0,0,0
P0ABP8,0,0,0,0,0,0,0,0
P0ABQ0,0,0,0,0,0,0,0,0
P0ABQ2,0,0,0,0,0,0,0,0
P0ABQ4,0,0,0,0,0,0,0,0
P0ABS1,0,0,0,0,0,0,0,0
P0ABT2,0,0,0,0,0,0,0,0
P0ABU2,0,0,0,0,0,0,0,0
P0ABU5,0,0,0,0,0,0,0,0
P0ABZ6,0,0,0,0,0,0,0,0
P0AC02,0,0,0,0,0,0,0,0
P0AC13,0,0,0,0,0,0,0,0
P0AC19,0,0,0,0,0,0,0,0
P0AC33,0,0,0,0,0,0,0,0
P0AC38,0,0,0,0,0,0,0,0
P0AC41,0,0,0,0,0,0,0,0
P0AC51,0,0,0,0,0,0,0,0
P0AC53,0,0,0,0,0,0,0,0
P0AC59,0,0,0,0,0,0,0,0
P0AC62,0,0,0,0,0,0,0,0
P0AC69,0,0,0,0,0,0,0,0
P0AC81,0,0,0,0,0,0,0,0
P0AC84,0,0,0,0,0,0,0,0
P0AC86,0,0,0,0,0,0,0,0
P0ACA1,0,0,0,0,0,0,0,0
P0ACA3,0,0,0,0,0,0,0,0
P0ACB2,0,0,0,0,0,0,0,0
P0ACB7,0,0,0,0,0,0,0,0
P0ACC3,0,0,0,0,0,0,0,0
P0ACC7,0,0,0,0,0,0,0,0
P0ACD4,0,0,0,0,0,0,0,0
P0ACE7,0,0,0,0,0,0,0,0
P0ACF0,0,0,0,0,0,0,0,0
P0ACF4,0,0,0,0,0,0,0,0
P0ACF8,0,0,0,0,0,0,0,0
P0ACG1,0,0,0,0,0,0,0,0
P0ACI6,0,0,0,0,0,0,0,0
P0ACJ0,0,0,0,0,0,0,0,0
P0ACJ8,0,0,0,0,0,0,0,0
P0ACQ4,0,0,0,0,0,0,0,0
P0ACR4,0,0,0,0,0,0,0,0
P0ACS7,0,0,0,0,0,0,0,0
P0ACS9,0,0,0,0,0,0,0,0
P0ACT6,0,0,0,0,0,0,0,0
P0ACY1,0,0,0,0,0,0,0,0
P0ACY3,0,0,0,0,0,0,0,0
P0AD05,0,0,0,0,0,0,0,0
P0AD33,0,0,0,0,0,0,0,0
P0AD49,0,0,0,0,0,0,0,0
P0AD57,0,0,0,0,0,0,0,0
P0AD59,0,0,0,0,0,0,0,0
P0AD61,0,0,0,0,0,0,0,0
P0ADA1,0,0,0,0,0,0,0,0
P0ADB1,0,0,0,0,0,0,0,0
P0ADB7,0,0,0,0,0,0,0,0
P0ADE6,0,0,0,0,0,0,0,0
P0ADE8,0,0,0,0,0,0,0,0
P0ADG4,0,0,0,0,0,0,0,0
P0ADG7,0,0,0,0,0,0,0,0
P0ADI4,0,0,0,0,0,0,0,0
P0ADK0,0,0,0,0,0,0,0,0
P0ADK6,0,0,0,0,0,0,0,0
P0ADK8,0,0,0,0,0,0,0,0
P0ADN2,0,0,0,0,0,0,0,0
P0ADP9,0,0,0,0,0,0,0,0
P0ADQ2,0,0,0,0,0,0,0,0
P0ADQ7,0,0,0,0,0,0,0,0
P0ADR8,0,0,0,0,0,0,0,0
P0ADS2,0,0,0,0,0,0,0,0
P0ADS9,0,0,0,0,0,0,0,0
P0ADT5,0,0,0,0,0,0,0,0
P0ADU2,0,0,0,0,0,0,0,0
P0ADU5,0,0,0,0,0,0,0,0
P0ADV7,0,0,0,0,0,0,0,0
P0ADW3,0,0,0,0,0,0,0,0
P0ADX7,0,0,0,0,0,0,0,0
P0ADY1,0,0,0,0,0,0,0,0
P0ADY3,0,0,0,0,0,0,0,0
P0ADY7,0,0,0,0,0,0,0,0
P0ADZ0,0,0,0,0,0,0,0,0
P0ADZ4,0,0,0,0,0,0,0,0
P0ADZ7,0,0,0,0,0,0,0,0
P0AE01,0,0,0,0,0,0,0,0
P0AE06,0,0,0,0,0,0,0,0
P0AE08,0,0,0,0,0,0,0,0
P0AE12,0,0,0,0,0,0,0,0
P0AE18,0,0,0,0,0,0,0,0
P0AE37,0,0,0,0,0,0,0,0
P0AE48,0,0,0,0,0,0,0,0
P0AE52,0,0,0,0,0,0,0,0
P0AE67,0,0,0,0,0,0,0,0
P0AE88,0,0,0,0,0,0,0,0
P0AEB2,0,0,0,0,0,0,0,0
P0AED7,0,0,0,0,0,0,0,0
P0AEE5,0,0,0,0,0,0,0,0
P0AEG4,0,0,0,0,0,0,0,0
P0AEG6,0,0,2612790,0,3298930,0,0,0
P0AEH3,0,0,0,0,0,0,0,0
P0AEI1,0,0,0,0,0,0,0,0
P0AEK2,0,0,0,0,0,0,0,0
P0AEK4,0,0,0,0,0,0,0,0
P0AEM9,0,0,0,0,0,0,0,0
P0AEN1,0,0,0,0,0,0,0,0
P0AEN8,0,0,0,0,0,0,0,0
P0AEP3,0,0,0,0,0,0,0,0
P0AEQ3,0,0,0,0,0,0,0,0
P0AES2,0,0,0,0,0,0,0,0
P0AES4,0,0,0,0,0,0,0,0
P0AES6,0,0,0,0,0,0,0,0
P0AES9,0,0,0,0,0,0,0,0
P0AET2,0,0,0,0,0,0,0,0
P0AET8,0,0,0,0,0,0,0,0
P0AEU0,0,0,0,0,0,0,0,0
P0AEU7,0,0,0,0,0,0,0,0
P0AEW6,0,0,0,0,0,0,0,0
P0AEW9,0,0,0,0,0,0,0,0
P0AEX5,0,0,0,0,0,0,0,0
P0AEX9,0,30056000,30833100,0,28489700,0,0,0
P0AEZ3,0,0,0,0,0,0,0,0
P0AEZ9,0,0,0,0,0,0,0,0
P0AF03,0,0,0,0,0,0,0,0
P0AF08,0,0,0,0,0,0,0,0
P0AF12,0,0,0,0,0,0,0,0
P0AF18,0,0,0,0,0,0,0,0
P0AF20,0,0,0,0,0,0,0,0
P0AF36,0,0,0,0,0,0,0,0
P0AF50,0,0,0,0,0,0,0,0
P0AF67,0,0,0,0,0,0,0,0
P0AF70,0,0,0,0,0,0,0,0
P0AF90,0,0,0,0,0,0,0,0
P0AF93,0,0,0,0,0,0,0,0
P0AF96,0,0,0,0,0,0,0,0
P0AFC3,0,0,0,0,0,0,0,0
P0AFD1,0,0,0,0,0,0,0,0
P0AFD6,0,0,0,0,0,0,0,0
P0AFF0,0,0,0,0,0,0,0,0
P0AFF6,0,0,0,0,0,0,0,0
P0AFG0,0,0,0,0,0,0,0,0
P0AFG3,0,0,0,0,0,0,0,0
P0AFG6,0,0,0,0,0,0,0,0
P0AFG8,0,0,0,0,0,0,0,0
P0AFH8,0,0,0,0,0,0,0,0
P0AFI2,0,0,0,0,0,0,0,0
P0AFI7,0,0,0,0,0,0,0,0
P0AFJ1,0,0,0,0,0,0,0,0
P0AFK0,0,0,0,0,0,0,0,0
P0AFL3,0,0,0,0,0,0,0,0
P0AFM2,0,0,0,0,0,0,0,0
P0AFM4,0,0,0,0,0,0,0,0
P0AFM6,0,0,0,0,0,0,0,0
P0AFP6,0,0,0,0,0,0,0,0
P0AFR4,0,0,0,0,0,0,0,0
P0AFU8,0,0,0,0,0,0,0,0
P0AFW0,0,0,0,0,0,0,0,0
P0AFW4,0,0,0,0,0,0,0,0
P0AFW8,0,0,0,0,0,0,0,0
P0AFX9,0,0,0,0,0,0,0,0
P0AFZ3,0,0,0,0,0,0,0,0
P0AG07,0,0,0,0,0,0,0,0
P0AG16,0,0,0,0,0,0,0,0
P0AG18,0,0,0,0,0,0,0,0
P0AG20,0,0,0,0,0,0,0,0
P0AG27,0,0,0,0,0,0,0,0
P0AG30,0,0,0,0,0,0,0,0
P0AG44,0,0,0,0,0,0,0,0
P0AG48,0,0,0,0,0,0,0,0
P0AG51,0,0,0,0,0,0,0,0
P0AG55,0,0,0,0,0,0,0,0
P0AG59,0,0,0,0,0,0,0,0
P0AG63,0,0,0,0,0,0,0,0
P0AG67,0,0,0,0,0,0,0,0
P0AG80,0,0,0,0,0,0,0,0
P0AG84,0,0,0,0,0,0,0,0
P0AG86,0,0,0,0,0,0,0,0
P0AG90,0,0,0,0,0,0,0,0
P0AGB0,0,0,0,0,0,0,0,0
P0AGC3,0,0,0,0,0,0,0,0
P0AGD1,0,0,0,0,0,0,0,0
P0AGD3,0,0,0,0,0,0,0,0
P0AGD7,0,0,0,0,0,0,0,0
P0AGE6,0,0,0,0,0,0,0,0
P0AGE9,0,0,0,0,0,0,0,0
P0AGF2,0,0,0,0,0,0,0,0
P0AGG0,0,0,0,0,0,0,0,0
P0AGG2,0,0,0,0,0,0,0,0
P0AGG4,0,0,0,0,0,0,0,0
P0AGG8,0,0,0,0,0,0,0,0
P0AGJ5,0,0,0,0,0,0,0,0
P0AGJ9,0,0,0,0,0,0,0,0
P0AGK4,0,0,0,0,0,0,0,0
P0AGK8,0,0,0,0,0,0,0,0
P0AGL2,0,0,0,0,0,0,0,0
P0C0L2,0,0,0,0,0,0,0,0
P0C0L4,69526600,44829000,56942300,76594400,63047300,79911500,69625100,87842800
P0C0L9,0,0,0,0,0,0,0,0
P0C0V0,0,0,0,0,0,0,0,0
P0C7L2,0,0,0,0,0,0,0,0
P0C8J6,0,0,0,0,0,0,0,0
P0C8J8,0,0,0,0,0,0,0,0
P0CE47,0,0,0,0,0,0,0,0
P0CG19,0,0,0,0,0,0,0,0
P0CG47,67698800,67214500,76043700,88576200,88416400,94369600,95539600,100391000
P0DMC7,27290500,23958000,15542600,40859100,21940000,24608600,28449700,29273300
P0DMV8,609056000,495731000,440653000,529149000,439703000,526510000,486254000,531751000
P0DOX2,71607800000,59497000000,54399500000,66182900000,60200100000,69325000000,69374100000,71682100000
P0DOX5,8558670000,6356930000,5724580000,6818780000,6134770000,7147320000,6924040000,7538030000
P0DOX7,12156500000,9321630000,8244390000,9850170000,9209000000,10422000000,9572160000,10135200000
P0DP23,229199000,148323000,186825000,196557000,143833000,197690000,192517000,257832000
P0DTE7,11416800,9023870,8331480,12257500,8479950,10143500,9973980,11393000
P0DTT0,0,0,0,0,0,0,0,0
P10121,0,0,0,0,0,0,0,0
P10371,0,0,0,0,0,0,0,0
P10378,0,0,0,0,0,0,0,0
P10408,0,0,0,0,0,0,0,0
P10599,552299000,410989000,421705000,475406000,367310000,484195000,505613000,461208000
P10908,0,0,0,0,0,0,0,0
P10909,1181460000,913310000,823899000,1061450000,872034000,1126660000,998549000,1016280000
P11021,58823000,34317600,43063200,47607800,35029500,50393200,38854200,33342200
P11142,416775000,362531000,330507000,403350000,334709000,400441000,378138000,445182000
P11216,0,11261700,0,10168800,7427150,11420500,8019120,10276000
P11413,27838400,0,0,0,0,0,0,0
P11447,0,0,0,0,0,0,0,0
P11454,0,0,0,0,0,0,0,0
P11557,0,0,0,0,0,0,0,0
P11586,12205900,0,10877700,11521300,7117740,11133600,0,13735400
P11875,0,0,0,0,0,0,0,0
P11880,0,0,0,0,0,0,0,0
P12008,0,0,0,0,0,0,0,0
P12035,0,157073000,0,6608890,5790350,0,629059000,5334880
P12273,20193300000,15107500000,14177700000,16241200000,16485200000,17502400000,16542200000,18889500000
P12281,0,0,0,0,0,0,0,0
P12429,94059900,86225600,68983800,95689200,62202800,88206400,68426200,94702200
P12758,0,0,0,0,0,0,0,0
P12994,0,0,0,0,0,0,0,0
P13009,0,0,0,0,0,0,0,0
P13024,0,0,0,0,0,0,0,0
P13029,0,0,0,0,0,0,0,0
P13033,0,0,0,0,0,0,0,0
P13035,0,0,0,0,0,0,0,0
P13445,0,0,0,0,0,0,0,0
P13473,34748300,32484300,29861400,28400300,26184500,41456500,32603900,38581900
P13482,0,0,0,0,0,0,0,0
P13489,154923000,128919000,105118000,128465000,113989000,137618000,122541000,149417000
P13639,78852200,68451400,83501000,79075500,98316600,62093800,113774000,59127900
P13645,1189600000,914583000,842497000,1027380000,908195000,1035940000,1024470000,1106030000
P13646,4807860000,3823530000,3388600000,4075710000,3768550000,4401120000,4142050000,4341140000
P13647,2014060000,1633390000,1534270000,1832440000,1566400000,1899020000,1893590000,1938240000
P13797,113705000,104208000,90587700,103811000,93181500,107357000,107100000,117924000
P13929,437920000,297580000,296019000,358449000,323580000,389840000,368243000,372164000
P13987,31395600,16938100,22159900,23605600,25493100,25049000,21241500,21310000
P14081,0,0,0,0,0,0,0,0
P14174,1124810000,930861000,857090000,1001680000,902924000,1091850000,1230750000,1149620000
P14176,0,0,0,0,0,0,0,0
P14550,120750000,144146000,104108000,182389000,143140000,162120000,143914000,151596000
P14555,1487650000,1214060000,1077570000,1132380000,1070530000,1306560000,1271890000,1407690000
P14618,990792000,775619000,743324000,853973000,768761000,940602000,859574000,887210000
P14923,0,28718100,20513600,17554200,22932500,27668300,26857400,25843500
P15034,0,0,0,0,0,0,0,0
P15042,0,0,0,0,0,0,0,0
P15047,0,0,0,0,0,0,0,0
P15067,0,0,0,0,0,0,0,0
P15078,0,0,0,0,0,0,0,0
P15104,56107800,48262700,43548300,53965400,48277000,56675200,51556400,49560500
P15254,0,0,0,0,0,0,0,0
P15288,0,0,0,0,0,0,0,0
P15311,292433000,278006000,244727000,325659000,289394000,289411000,315039000,349276000
P15639,0,0,0,0,0,0,0,0
P15640,0,0,0,0,0,0,0,0
P15770,0,0,0,0,0,0,0,0
P15814,40595500,53401500,41763800,38967600,25787400,239590000,52113200,49425300
P15877,0,0,0,0,0,0,0,0
P15924,0,57707900,0,57015500,0,0,54795100,48281100
P15977,0,0,0,0,0,0,0,0
P16095,0,0,0,0,0,0,0,0
P16152,65126900,54674800,44783500,60111200,52430600,69336100,57869000,63585300
P16384,0,0,0,0,0,0,0,0
P16456,0,0,0,0,0,0,0,0
P16659,0,0,0,0,0,0,0,0
P16700,0,0,0,0,0,0,0,0
P16703,0,0,0,0,0,0,0,0
P17115,0,0,0,0,0,0,0,0
P17117,0,0,0,0,0,0,0,0
P17169,0,0,0,0,0,0,0,0
P17655,0,210260000,0,217465000,160309000,234111000,224422000,226968000
P17812,0,0,0,0,0,0,0,5316800
P17846,0,0,0,0,0,0,0,0
P17854,0,0,0,0,0,0,0,0
P17931,273389000,209899000,175247000,252896000,211329000,268103000,232868000,253711000
P17952,0,0,0,0,0,0,0,0
P18085,0,10556300,8244940,7902040,7251850,0,0,17775400
P18196,0,0,0,0,0,0,0,0
P18206,0,19979500,17530200,19672200,10672800,20490500,20959200,19762600
P18390,0,0,0,0,0,0,0,0
P18510,67972300,55124000,50752900,63769600,49711200,65700700,63924800,61974200
P18669,155745000,143012000,119836000,154487000,128585000,164794000,164602000,158572000
P18843,0,0,0,0,0,0,0,0
P18956,0,0,0,0,0,0,0,0
P19013,2131920000,1652720000,1509980000,1794850000,1532730000,1794070000,1812880000,1856550000
P19319,0,0,0,0,0,0,0,0
P19624,0,0,0,0,0,0,0,0
P19652,18617500,63283100,645384,83877700,49897700,34831900,66197400,0
P19823,48647100,39971500,36585000,39768800,37718000,45117700,37270800,49743100
P19827,21589500,13485400,12783800,22545000,17970700,14692900,21273200,19846200
P19926,0,0,0,0,0,0,0,0
P19971,18936200,27973000,24624700,31766700,27464800,32896900,28831000,27539500
P20061,289548000,247623000,222664000,281316000,255653000,305216000,284054000,309843000
P20073,15048000,13434200,9702720,13477900,8027880,11541600,13200400,15968600
P20083,0,0,0,0,0,0,0,0
P20160,32215200,27633000,21286600,21923200,15287200,22612500,27082300,25450500
P20605,0,0,0,0,0,0,0,0
P20810,15021700,14320900,11957100,16186800,11746500,14269100,14890400,15054900
P20966,0,0,0,0,0,0,0,0
P21151,0,0,0,0,0,0,0,0
P21165,0,0,0,0,0,0,0,0
P21170,0,0,0,0,0,0,0,0
P21177,0,0,0,0,0,0,0,0
P21179,0,0,0,0,0,0,0,0
P21338,0,0,0,0,0,0,0,0
P21367,0,0,0,0,0,0,0,0
P21499,0,0,0,0,0,0,0,0
P21507,0,0,0,0,0,0,0,0
P21513,0,0,0,0,0,0,0,0
P21599,0,0,0,0,0,0,0,0
P21645,0,0,0,0,0,0,0,0
P21888,0,0,0,0,0,0,0,0
P21889,0,0,0,0,0,0,0,0
P21926,0,0,4145880,0,2544660,0,0,4746070
P21964,17063200,11152600,32201700,13161600,22436700,36969400,36737500,35077700
P21980,394734000,344122000,297267000,354460000,324436000,368429000,384218000,371756000
P22079,290303000,250595000,202873000,265908000,241738000,285236000,268970000,270284000
P22106,0,0,0,0,0,0,0,0
P22186,0,0,0,0,0,0,0,0
P22188,0,0,0,0,0,0,0,0
P22255,0,0,0,0,0,0,0,0
P22256,0,0,0,0,0,0,0,0
P22259,0,0,0,0,0,0,0,0
P22314,79533900,67518400,55892500,73711000,56925200,71936300,72093400,69588600
P22333,0,0,0,0,0,0,0,0
P22352,26650600,23790500,18785900,18872200,22045600,26248500,22173500,22420400
P22523,0,0,0,0,0,0,0,0
P22524,0,0,0,0,0,0,0,0
P22528,74472500,60097100,51647300,61013600,59590300,69793900,64705400,65894100
P22626,0,0,13950800,19613800,16111800,0,19863400,20754600
P22939,0,0,0,0,0,0,0,0
P23200,0,0,0,0,0,0,0,0
P23331,0,0,0,0,0,0,0,0
P23367,0,0,0,0,0,0,0,0
P23522,0,0,0,0,0,0,0,0
P23524,0,0,0,0,0,0,0,0
P23526,79997000,73329300,59254100,81688400,58437700,68513100,94690000,74227300
P23528,103683000,124201000,150538000,135434000,135442000,131515000,93280100,160207000
P23538,0,0,0,0,0,0,0,0
P23721,0,0,0,0,0,0,0,0
P23827,0,0,0,0,0,0,0,0
P23830,0,0,0,0,0,0,0,0
P23836,0,0,0,0,0,0,0,0
P23839,0,0,0,0,0,0,0,0
P23843,0,0,0,0,0,0,0,0
P23847,0,0,0,0,0,0,0,0
P23857,0,0,0,0,0,0,0,0
P23865,0,0,0,0,0,0,0,0
P23869,0,0,0,0,0,0,0,0
P23882,0,0,0,0,0,0,0,0
P23883,0,0,0,0,0,0,0,0
P23893,0,0,0,0,0,0,0,0
P23908,0,0,0,0,0,0,0,0
P23909,0,0,0,0,0,0,0,0
P23917,0,0,0,0,0,0,0,0
P24171,0,0,0,0,0,0,0,0
P24182,0,0,0,0,0,0,0,0
P24186,0,0,0,0,0,0,0,0
P24202,0,0,0,0,0,0,0,0
P24203,0,0,0,0,0,0,0,0
P24215,0,0,0,0,0,0,0,0
P24255,0,0,0,0,0,0,0,0
P25311,20564900000,17384800000,15847600000,18646300000,17103800000,21015100000,19132100000,20826100000
P25437,0,0,0,0,0,0,0,0
P25516,0,0,0,0,0,0,0,0
P25519,0,0,0,0,0,0,0,0
P25522,0,0,0,0,0,0,0,0
P25526,0,0,0,0,0,0,0,0
P25536,0,0,0,0,0,0,0,0
P25539,0,0,0,0,0,0,0,0
P25552,0,0,0,0,0,0,0,0
P25553,0,0,0,0,0,0,0,0
P25705,0,0,0,0,0,0,0,0
P25714,0,0,0,0,0,0,0,0
P25738,0,0,0,0,0,0,0,0
P25745,0,0,0,0,0,0,0,0
P25774,0,7643480,5451420,9795480,4059790,7059390,10264600,5622830
P25786,0,22326100,18869500,22884600,21765100,26718300,26855500,25928300
P25787,0,0,0,0,3728990,0,7236300,1792890
P25789,0,22990900,0,0,0,0,0,0
P25894,0,0,0,0,0,0,0,0
P25906,0,0,0,0,0,0,0,0
P26447,1842020000,1535750000,1382130000,1689540000,1257810000,1698880000,1641970000,1891120000
P26612,0,0,0,0,0,0,0,0
P26616,0,0,0,0,0,0,0,0
P26646,0,0,0,0,0,0,0,0
P27248,0,0,0,0,0,0,0,0
P27250,0,0,0,0,0,0,0,0
P27298,0,0,0,0,0,0,0,0
P27302,0,0,0,0,0,0,0,0
P27306,0,0,0,0,0,0,0,0
P27348,141252000,23934700,24030200,127375000,40448200,19368300,3230540,49934900
P27431,0,0,0,0,0,0,0,0
P27434,0,0,0,0,0,0,0,0
P27482,14836000,12057800,7145590,11381600,9515850,10957200,11762100,12813200
P27487,0,14423000,10976800,14918700,14105200,15123000,15203000,16628500
P27550,0,0,0,0,0,0,0,0
P27797,48842900,37091000,34183500,46003800,42732800,46079200,21145200,42711700
P27824,14992200,12812500,9029510,11661300,7792100,11684000,10411000,10864800
P27829,0,0,0,0,0,0,0,0
P27833,0,0,0,0,0,0,0,0
P28304,0,0,0,0,0,0,0,0
P28325,48403200,41966700,33577900,36936100,37109900,44976500,40430600,44253700
P28838,0,25527100,20611200,0,25700300,30213200,27752200,33414900
P28904,0,0,0,0,0,0,0,0
P29012,0,0,0,0,0,0,0,0
P29217,0,0,0,0,0,0,0,0
P29401,94408300,83958700,67484100,89740700,76608600,89909200,92871100,85213200
P29622,9475110,6964830,6952240,6522580,7296740,8386440,10946500,8456720
P29680,0,0,0,0,0,0,0,0
P29745,0,0,0,0,0,0,0,0
P30011,0,0,0,0,0,0,0,0
P30041,737200000,641403000,538402000,642130000,631228000,754928000,725386000,770698000
P30043,21275500,17241700,16203000,16843700,13630000,16834800,13382200,17447400
P30044,983318000,786943000,685652000,841861000,738839000,851440000,821380000,888288000
P30046,0,11855700,8549270,9990060,8776760,10516700,5890860,9643950
P30085,239512000,205890000,188008000,257156000,205600000,260162000,247672000,241258000
P30086,374014000,313594000,281017000,335089000,266870000,342062000,331381000,342503000
P30101,61173700,47597500,42643600,49366600,44233600,67624000,53156700,53552900
P30125,0,0,0,0,0,0,0,0
P30177,0,0,0,0,0,0,0,0
P30740,400921000,329491000,281533000,352160000,275335000,354193000,350333000,389578000
P30748,0,0,0,0,0,0,0,0
P30838,490530000,415124000,370322000,496818000,400129000,457658000,492519000,535596000
P30850,0,0,0,0,0,0,0,0
P30870,0,0,0,0,0,0,0,0
P30958,0,0,0,0,0,0,0,0
P31025,201775000000,136245000000,139845000000,189811000000,153606000000,196391000000,184930000000,194955000000
P31057,0,0,0,0,0,0,0,0
P31063,0,0,0,0,0,0,0,0
P31120,0,0,0,0,0,0,0,0
P31130,0,0,0,0,0,0,0,0
P31131,0,0,0,0,0,0,0,0
P31142,0,0,0,0,0,0,0,0
P31151,56110600,46834200,38782300,49637800,35036700,48181500,51012600,0
P31224,0,0,0,0,0,0,0,0
P31441,0,0,0,0,0,0,0,0
P31658,0,0,0,0,0,0,0,0
P31663,0,0,0,0,0,0,0,0
P31677,0,0,0,0,0,0,0,0
P31678,0,0,0,0,0,0,0,0
P31697,0,0,0,0,0,0,0,0
P31806,0,0,0,0,0,0,0,0
P31808,0,0,0,0,0,0,0,0
P31941,0,31923600,55070100,0,0,0,86605900,0
P31946,9022420,5540510,5614910,4318660,8717810,7196020,3079600,7621780
P31947,903799000,627536000,675644000,764059000,745482000,807948000,749189000,857892000
P31949,264571000,190296000,140048000,249715000,197586000,207182000,192916000,302811000
P31979,0,0,0,0,0,0,0,0
P32119,93632400,30742100,78279600,87143300,81647100,75879800,57926100,93814600
P32157,0,0,0,0,0,0,0,0
P32162,0,0,0,0,0,0,0,0
P32173,0,0,0,0,0,0,0,0
P32455,0,0,8360730,0,3625880,2969890,5708540,2432140
P32664,0,0,0,0,0,0,0,0
P32695,0,0,0,0,0,0,0,0
P33136,0,0,0,0,0,0,0,0
P33195,0,0,0,0,0,0,0,0
P33218,0,0,0,0,0,0,0,0
P33219,0,0,0,0,0,0,0,0
P33221,0,0,0,0,0,0,0,0
P33362,0,0,0,0,0,0,0,0
P33363,0,0,0,0,0,0,0,0
P33368,0,0,0,0,0,0,0,0
P33570,0,0,0,0,0,0,0,0
P33599,0,0,0,0,0,0,0,0
P33602,0,0,0,0,0,0,0,0
P33643,0,0,0,0,0,0,0,0
P33920,0,0,0,0,0,0,0,0
P34096,48605500,45900300,39080300,62344100,48253400,51202100,47686600,61954800
P34209,0,0,0,0,0,0,0,0
P34931,219701000,184015000,167249000,218045000,174826000,231576000,186883000,240148000
P34932,7914330,0,7747470,0,0,13710800,10155200,0
P35321,0,8776360,7247560,9546320,8302910,6709170,8261500,9185730
P35326,0,17149100,0,0,0,0,16701400,0
P35340,0,0,0,0,0,0,0,0
P35527,1908640000,1549020000,1307460000,1566630000,1501560000,1770070000,1654470000,1776360000
P35579,50059900,40955500,32048400,41015200,37074300,45501300,52826200,51461000
P35858,0,0,2369470,1020390,0,0,0,0
P35908,294366000,221557000,206145000,231299000,215037000,246087000,256858000,250438000
P36659,0,0,0,0,0,0,0,0
P36683,0,0,0,0,0,0,0,0
P36767,0,0,0,0,0,0,0,0
P36929,0,0,0,0,0,0,0,0
P36938,0,0,0,0,0,0,0,0
P36952,174667000,140897000,136819000,154147000,137509000,149217000,158432000,160978000
P36955,0,30161400,34298200,46781500,26742800,45161900,47439800,57194300
P37051,0,0,0,0,0,0,0,0
P37095,0,0,0,0,0,0,0,0
P37128,0,0,0,0,0,0,0,0
P37329,0,0,0,0,0,0,0,0
P37330,0,0,0,0,0,0,0,0
P37344,0,0,0,0,0,0,0,0
P37349,0,0,0,0,0,0,0,0
P37387,0,0,0,0,0,0,0,0
P37440,0,0,0,0,0,0,0,0
P37613,0,0,0,0,0,0,0,0
P37634,0,0,0,0,0,0,0,0
P37645,0,0,0,0,0,0,0,0
P37647,0,0,0,0,0,0,0,0
P37648,0,0,0,0,0,0,0,0
P37666,0,0,0,0,0,0,0,0
P37685,0,0,0,0,0,0,0,0
P37689,0,0,0,0,0,0,0,0
P37744,0,0,0,0,0,0,0,0
P37747,0,0,0,0,0,0,0,0
P37749,0,0,0,0,0,0,0,0
P37750,0,0,0,0,0,0,0,0
P37759,0,0,0,0,0,0,0,0
P37765,0,0,0,0,0,0,0,0
P37769,0,0,0,0,0,0,0,0
P37773,0,0,0,0,0,0,0,0
P37774,0,0,0,0,0,0,0,0
P37802,457930000,422918000,385931000,388092000,405469000,462820000,407183000,429950000
P37902,0,0,0,0,0,0,0,0
P37903,0,0,0,0,0,0,0,0
P38038,0,0,0,0,0,0,0,0
P38489,0,0,0,0,0,0,0,0
P38521,0,0,0,0,0,0,0,0
P38567,0,0,0,0,0,0,0,0
P39099,0,0,0,0,0,0,0,0
P39160,0,0,0,0,0,0,0,0
P39173,0,0,0,0,0,0,0,0
P39176,0,0,0,0,0,0,0,0
P39187,0,0,0,0,0,0,0,0
P39199,0,0,0,0,0,0,0,0
P39265,0,0,0,0,0,0,0,0
P39286,0,0,0,0,0,0,0,0
P39315,0,0,0,0,0,0,0,0
P39325,0,0,0,0,0,0,0,0
P39332,0,0,0,0,0,0,0,0
P39334,0,0,0,0,0,0,0,0
P39342,0,0,0,0,0,0,0,0
P39353,0,0,0,0,0,0,0,0
P39406,0,0,0,0,0,0,0,0
P39451,0,0,0,0,0,0,0,0
P39829,0,0,0,0,0,0,0,0
P39831,0,0,0,0,0,0,0,0
P40120,0,0,0,0,0,0,0,0
P40121,68223600,70288000,69245600,82309800,73189000,91669500,64951700,58530900
P40191,0,0,0,0,0,0,0,0
P40394,308755000,292993000,257915000,310458000,228875000,334003000,308788000,334711000
P40874,0,0,0,0,0,0,0,0
P40925,172528000,129919000,104264000,122701000,110946000,113782000,116740000,101171000
P40926,43905200,25051500,27097600,30927100,18792200,32651700,25039500,26993700
P41039,0,0,0,0,0,0,0,0
P41407,0,0,0,0,0,0,0,0
P42588,0,0,0,0,0,0,0,0
P42593,0,0,0,0,0,0,0,0
P42599,0,0,0,0,0,0,0,0
P42620,0,0,0,0,0,0,0,0
P42641,0,0,0,0,0,0,0,0
P42904,0,0,0,0,0,0,0,0
P43034,0,5383550,4489730,7473010,3880670,5854100,5143290,4102010
P43329,0,0,0,0,0,0,0,0
P43652,16137500,14375200,15994600,16408900,15688600,21803100,12954800,15731900
P45425,0,0,0,0,0,0,0,0
P45523,0,0,0,0,0,0,0,0
P45577,0,0,0,0,0,0,0,0
P45748,0,0,0,0,0,0,0,0
P45799,0,0,0,0,0,0,0,0
P45955,0,0,0,0,0,0,0,0
P45974,0,19736300,12928700,13563000,11912200,16379000,16976600,12101800
P46459,0,6053910,0,0,0,0,0,4744100
P46783,5027490,6131790,8205230,2700150,3081060,0,0,6041970
P46837,0,0,0,0,0,0,0,0
P46852,0,0,0,0,0,0,0,0
P46853,0,0,0,0,0,0,0,0
P46940,60789100,41410100,49914700,72267300,49778100,61232500,63692000,49267700
P47895,50467100,48523000,38624600,47085900,33983800,48279300,43314300,52075800
P48047,0,0,1026040,0,0,0,1869520,0
P48637,0,10105500,6842640,0,10610200,8751540,7591730,12927100
P48741,0,0,0,0,305023000,0,344732000,436999000
P49189,0,12374800,0,0,0,11463100,0,0
P49368,0,21887600,20833600,20694800,17871200,22928400,20614100,15849200
P49721,0,0,11857300,13607400,9113950,8759100,13318700,0
P50395,0,46032200,39312600,51031500,39299100,55275200,59615100,56349700
P50502,9415420,3431800,3945580,7499230,5206160,6164560,6160510,5544160
P50990,26371000,25026400,24599100,26867200,20772000,23164000,22986800,28004300
P50995,32203200,34264200,28149200,33049400,32288300,39223800,43740100,23737500
P51024,0,0,0,0,0,0,0,0
P52037,0,0,0,0,0,0,0,0
P52061,0,0,0,0,0,0,0,0
P52209,134007000,112610000,87687500,115447000,97904300,122910000,111907000,121640000
P52565,42390200,32220800,27989600,30675900,27851200,32552500,36047500,32516300
P52643,0,0,0,0,0,0,0,0
P52647,0,0,0,0,0,0,0,0
P52697,0,0,0,0,0,0,0,0
P52895,540660000,363585000,308045000,462730000,364994000,439503000,430553000,395804000
P52907,0,21971100,17312200,29115300,23464600,22055000,16732400,28494500
P52943,21129300,21472100,16087800,20457700,18443700,20263200,22750700,18512600
P54727,0,0,16068600,7437490,0,0,0,6265800
P55011,0,0,0,0,0,0,0,0
P55058,127572000,188411000,187839000,183604000,172230000,205796000,226440000,245586000
P55072,185866000,164377000,159028000,178069000,157317000,198503000,168009000,179936000
P55786,0,9456630,7608000,0,6725300,7910730,0,0
P56537,0,0,0,0,0,0,16759700,0
P58546,15898400,9931560,10964900,10466200,10258300,14820100,12441100,14195200
P59665,3427700000,2573870000,2349390000,2983270000,2587120000,3227340000,2842040000,3024800000
P59998,82437600,106148000,69808500,107048000,71815400,80145000,103455000,39288800
P60174,394485000,318020000,282301000,343329000,310101000,370732000,338672000,369604000
P60240,0,0,0,0,0,0,0,0
P60293,0,0,0,0,0,0,0,0
P60390,0,0,0,0,0,0,0,0
P60422,0,0,0,0,0,0,0,0
P60438,0,0,0,0,0,0,0,0
P60624,0,0,0,0,0,0,0,0
P60660,128826000,133215000,125541000,150232000,122291000,167930000,158151000,59266200
P60664,0,0,0,0,0,0,0,0
P60709,2842240000,2485100000,2178870000,2946150000,2333410000,2821670000,2884180000,2867740000
P60720,0,0,0,0,0,0,0,0
P60723,0,0,0,0,0,0,0,0
P60752,0,0,0,0,0,0,0,0
P60757,0,0,0,0,0,0,0,0
P60785,0,0,0,0,0,0,0,0
P60903,0,5820490,8037050,10998900,9227910,12977500,5518730,4410750
P60906,0,0,0,0,0,0,0,0
P60953,0,0,28483400,0,21702100,22121100,44600800,0
P60981,27585200,13454500,12611900,23578500,16649100,18286400,16098200,23730100
P61026,0,34634500,48255600,57190400,61165100,64256300,48475800,68355400
P61158,26474700,19002800,20114800,20806300,18557200,21960700,21767700,16686900
P61163,0,0,0,0,0,0,0,0
P61175,0,0,0,0,0,0,0,0
P61204,65963600,80785100,69431600,80655900,69803800,66516800,67396700,80600800
P61316,0,0,0,0,0,0,0,0
P61517,0,0,0,0,0,0,0,0
P61586,81027000,63726900,62254900,75445800,72366000,81245900,77450700,87979900
P61626,184218000000,145578000000,110886000000,164340000000,135526000000,171335000000,174518000000,187525000000
P61714,0,0,0,0,0,0,0,0
P61769,485083000,295219000,532637000,776441000,520083000,683643000,301599000,715495000
P61889,0,0,0,0,0,0,0,0
P61916,0,9202030,22144200,21615300,20126400,30701700,24250800,19043900
P61949,0,0,0,0,0,0,0,0
P61978,26160800,26073100,16235500,21066400,24119900,19379500,26007500,27111400
P61981,38158600,31773800,28242000,32681000,29921700,34223500,38367300,39493800
P62258,96645900,62971300,92933700,100898000,81228900,112382000,77815300,46388900
P62269,36866000,27144600,26798800,44670200,31781000,38834600,37390700,39395900
P62333,0,0,0,0,0,0,0,0
P62399,0,0,0,0,0,0,0,0
P62491,0,10312800,9207370,10132900,0,0,10394100,0
P62615,0,0,0,0,0,0,0,0
P62620,0,0,0,0,0,0,0,0
P62623,0,0,0,0,0,0,0,0
P62707,0,0,0,0,0,0,0,0
P62736,0,0,0,0,0,0,0,0
P62768,0,0,0,0,0,0,0,0
P62805,1005730000,770663000,714382000,949288000,776748000,999051000,911167000,831473000
P62820,39402500,37105300,34538900,44447700,29955500,34970600,35877200,33158400
P62857,26370200,19111900,15029800,22492400,12833100,19687200,24181900,18084600
P62937,375239000,330960000,277265000,341178000,278436000,334368000,331878000,356751000
P62942,0,13727100,11552200,16291100,10070500,15666800,16018000,15955100
P63020,0,0,0,0,0,0,0,0
P63104,158771000,265908000,308884000,283445000,287476000,372338000,311414000,300062000
P63177,0,0,0,0,0,0,0,0
P63224,0,0,0,0,0,0,0,0
P63228,0,0,0,0,0,0,0,0
P63235,0,0,0,0,0,0,0,0
P63284,0,0,0,0,0,0,0,0
P63417,0,0,0,0,0,0,0,0
P63883,0,0,0,0,0,0,0,0
P64479,0,0,0,0,0,0,0,0
P64490,0,0,0,0,0,0,0,0
P64503,0,0,0,0,0,0,0,0
P64506,0,0,0,0,0,0,0,0
P64559,0,0,0,0,0,0,0,0
P64581,0,0,0,0,0,0,0,0
P64596,0,0,0,0,0,0,0,0
P66817,0,0,0,0,0,0,0,0
P67087,0,0,0,0,0,0,0,0
P67910,0,0,0,0,0,0,0,0
P68066,0,0,0,0,0,0,0,0
P68104,452060000,306218000,310689000,394688000,372086000,376966000,473378000,436652000
P68133,2856640000,2371230000,2025160000,2446160000,2111660000,2831610000,2607890000,2701690000
P68206,0,0,0,0,0,0,0,0
P68363,119125000,105557000,90120600,107119000,101926000,116397000,108993000,104683000
P68366,239281000,234066000,201601000,246586000,215907000,236936000,230304000,263474000
P68371,258906000,249322000,188265000,325003000,294368000,327643000,210448000,328958000
P68402,74800800,72365700,53866300,0,0,0,0,0
P68567,0,0,0,0,0,0,0,0
P68679,0,0,0,0,0,0,0,0
P68739,0,0,0,0,0,0,0,0
P68767,0,0,0,0,0,0,0,0
P68919,0,0,0,0,0,0,0,0
P69222,0,0,0,0,0,0,0,0
P69441,0,0,0,0,0,0,0,0
P69451,0,0,0,0,0,0,0,0
P69503,0,0,0,0,0,0,0,0
P69506,0,0,0,0,0,0,0,0
P69776,0,0,0,0,0,0,0,0
P69783,0,0,0,0,0,0,0,0
P69786,0,0,0,0,0,0,0,0
P69795,0,0,0,0,0,0,0,0
P69797,0,0,0,0,0,0,0,0
P69805,0,0,0,0,0,0,0,0
P69811,0,0,0,0,0,0,0,0
P69828,0,0,0,0,0,0,0,0
P69829,0,0,0,0,0,0,0,0
P69853,0,0,0,0,0,0,0,0
P69908,0,0,0,0,0,0,0,0
P69924,0,0,0,0,0,0,0,0
P75797,0,0,0,0,0,0,0,0
P75823,0,0,0,0,0,0,0,0
P75838,0,0,0,0,0,0,0,0
P75863,0,0,0,0,0,0,0,0
P75864,0,0,0,0,0,0,0,0
P75874,0,0,0,0,0,0,0,0
P75913,0,0,0,0,0,0,0,0
P75915,0,0,0,0,0,0,0,0
P75949,0,0,0,0,0,0,0,0
P75957,0,0,0,0,0,0,0,0
P75960,0,0,0,0,0,0,0,0
P76015,0,0,0,0,0,0,0,0
P76034,0,0,0,0,0,0,0,0
P76086,0,0,0,0,0,0,0,0
P76097,0,0,0,0,0,0,0,0
P76108,0,0,0,0,0,0,0,0
P76113,0,0,0,0,0,0,0,0
P76116,0,0,0,0,0,0,0,0
P76121,0,0,0,0,0,0,0,0
P76128,0,0,0,0,0,0,0,0
P76143,0,0,0,0,0,0,0,0
P76145,0,0,0,0,0,0,0,0
P76176,0,0,0,0,0,0,0,0
P76177,0,0,0,0,0,0,0,0
P76187,0,0,0,0,0,0,0,0
P76193,0,0,0,0,0,0,0,0
P76215,0,0,0,0,0,0,0,0
P76216,0,0,0,0,0,0,0,0
P76217,0,0,0,0,0,0,0,0
P76235,0,0,0,0,0,0,0,0
P76251,0,0,0,0,0,0,0,0
P76256,0,0,0,0,0,0,0,0
P76290,0,0,0,0,0,0,0,0
P76316,0,0,0,0,0,0,0,0
P76346,0,0,0,0,0,0,0,0
P76372,0,0,0,0,0,0,0,0
P76402,0,0,0,0,0,0,0,0
P76407,0,0,0,0,0,0,0,0
P76503,0,0,0,0,0,0,0,0
P76536,0,0,0,0,0,0,0,0
P76558,0,0,0,0,0,0,0,0
P76561,0,0,0,0,0,0,0,0
P76569,0,0,0,0,0,0,0,0
P76576,0,0,0,0,0,0,0,0
P76594,0,0,0,0,0,0,0,0
P76621,0,0,0,0,0,0,0,0
P76658,0,0,0,0,0,0,0,0
P77171,0,0,0,0,0,0,0,0
P77202,0,0,0,0,0,0,0,0
P77213,0,0,0,0,0,0,0,0
P77247,0,0,0,0,0,0,0,0
P77258,0,0,0,0,0,0,0,0
P77318,0,0,0,0,0,0,0,0
P77348,0,0,0,0,0,0,0,0
P77395,0,0,0,0,0,0,0,0
P77434,0,0,0,0,0,0,0,0
P77454,0,0,0,0,0,0,0,0
P77455,0,0,0,0,0,0,0,0
P77488,0,0,0,0,0,0,0,0
P77499,0,0,0,0,0,0,0,0
P77522,0,0,0,0,0,0,0,0
P77552,0,0,0,0,0,0,0,0
P77581,0,0,0,0,0,0,0,0
P77625,0,0,0,0,0,0,0,0
P77674,0,0,0,0,0,0,0,0
P77689,0,0,0,0,0,0,0,0
P77695,0,0,0,0,0,0,0,0
P77717,0,0,0,0,0,0,0,0
P77718,0,0,0,0,0,0,0,0
P77735,0,0,0,0,0,0,0,0
P77739,0,0,0,0,0,0,0,0
P77754,0,0,0,0,0,0,0,0
P77756,0,0,0,0,0,0,0,0
P77804,0,0,0,0,0,0,0,0
P77808,0,0,0,0,0,0,0,0
P78371,0,0,2820800,2866300,2202210,0,0,0
P78386,0,18083500,16779000,22693200,21186300,33783800,0,0
P78417,93213300,75674200,69334900,72540400,71243500,99606500,82212900,96442400
P80188,691270000,532412000,470347000,590329000,514939000,615861000,617400000,604039000
P80303,276471000,232662000,195507000,235385000,207826000,276233000,241431000,267686000
P80748,54260000,41215100,32975300,49080100,36892700,46228000,23831900,41551200
P81605,256522000,186714000,0,260731000,207534000,222533000,242508000,296236000
P98088,890214000,699637000,619052000,804880000,673560000,824178000,786072000,813083000
P98160,246870000,204812000,174975000,213526000,186095000,213247000,219990000,228225000
Q00610,14194500,10983100,7461400,8859970,9210230,10655600,11665600,12454800
Q01469,569217000,477696000,457086000,506868000,429098000,553163000,478519000,578254000
Q01518,88032500,73826400,51620500,57984100,65056000,79077200,52499100,80621700
Q02809,0,0,6103890,0,0,0,5697390,5773900
Q02818,36463400,31291900,23925900,29909300,28398600,30530200,36378500,29342000
Q04760,17258700,16718600,16210100,14799400,16631000,17679200,15665600,12565500
Q04917,23083100,9184770,11114400,0,9626210,13184800,11772000,10816000
Q05639,1128350000,1045670000,900405000,1180610000,893131000,1209610000,1275240000,1279160000
Q06210,0,6024000,0,0,0,7778140,0,0
Q06323,57271400,54885300,39662000,62248400,55840400,50024400,61922200,46137000
Q06830,1360070000,1068630000,948616000,1097270000,977604000,1209880000,1159830000,1185260000
Q08380,451502000,310624000,295637000,384211000,306819000,389864000,353472000,391500000
Q09666,99063100,70090400,69459300,88031500,58398700,77759300,68976800,90132800
Q12765,0,0,0,0,1183600,0,0,0
Q12931,166174000,111980000,105302000,138957000,0,136825000,139460000,129507000
Q13126,0,10516200,4774620,9689730,11621700,13316900,11870100,18218800
Q13162,0,32961400,29869000,30002800,39574000,41992200,29695200,47319600
Q13228,611923000,493059000,425284000,506236000,464240000,565075000,521319000,538696000
Q13421,1245590000,1032450000,858678000,1029890000,947432000,1108420000,1088730000,1179650000
Q13442,0,0,0,0,0,0,0,0
Q13630,0,5664550,5295170,7542950,6426860,10705800,8543160,9582260
Q13813,0,0,0,0,1258200,0,0,0
Q13938,23779700,20051700,17611700,18842000,15864100,20056400,24646700,21529800
Q14118,13741300,14953400,12963500,14177300,17178000,17069700,17892500,18352100
Q14247,27035900,22941200,20893200,26732500,20644700,16389300,21505400,16440600
Q14508,63988000,40482800,31630700,40924900,41627400,39406700,57808300,53919400
Q14515,38873700,37981300,26683200,29617800,26354700,35659000,26417200,31239300
Q14624,51659200,42783800,41143900,41615100,37039800,49587700,44818400,38879600
Q14697,140012000,153767000,128639000,165185000,141593000,161444000,149668000,160384000
Q14764,0,0,0,0,8287710,0,0,12756800
Q14847,0,24365800,19473400,28291900,21797800,26782200,23022000,23318200
Q14974,0,22430700,0,0,14561600,23206100,19168200,0
Q15084,0,37058600,0,0,38146600,0,30987100,34582500
Q15365,33377400,30512700,21955400,32239000,32137100,33243600,32078300,28383700
Q15782,47122200,38265100,36396100,45247900,41327900,47499900,53069900,53423200
Q16378,112130000000,91379300000,86952700000,99136900000,97856600000,111362000000,101587000000,114979000000
Q16651,27659000,27394900,23845500,24240500,21054800,29091700,23414800,31780000
Q16851,34961000,31234300,26926900,33833100,27967700,38591800,31494400,34062100
Q19T08,0,38420500,129299000,0,0,0,133737000,0
Q2I0M4,0,10170500,0,0,7242300,10538200,5407110,0
Q2M7R5,0,0,0,0,0,0,0,0
Q3ZCM7,36864100,24307100,30612600,29833700,25529400,37764900,27584100,34300200
Q46829,0,0,0,0,0,0,0,0
Q46845,0,0,0,0,0,0,0,0
Q46851,0,0,0,0,0,0,0,0
Q46857,0,0,0,0,0,0,0,0
Q46920,0,0,0,0,0,0,0,0
Q46938,0,0,0,0,0,0,0,0
Q46948,0,0,0,0,0,0,0,0
Q47146,0,0,0,0,0,0,0,0
Q562R1,1428400000,1181500000,978321000,1226230000,1043670000,1307200000,1286070000,1152260000
Q57261,0,0,0,0,0,0,0,0
Q5D862,6025800,3930380,4540460,7369230,5601250,7747230,9658370,8083390
Q5VSP4,1574410000,1153470000,1224600000,1513440000,1127800000,1317910000,1432730000,1484050000
Q6GTX8,0,0,0,0,0,0,0,0
Q6MZM9,1462400000,1065930000,888912000,1162410000,971010000,1193870000,1165680000,1151980000
Q6UXB2,58636700,49023000,43325600,49435500,46712400,51807100,53372000,49776400
Q6UXB3,11211900,8407630,10991800,9418180,9349370,12416700,11828300,11945700
Q6XQN6,0,13960800,12472400,19346100,14990700,18123000,15361600,16037600
Q6ZVX7,8650210,17961500,12731000,20705400,18940400,16287500,10814600,19002700
Q7Z406,120594000,118773000,93357000,127559000,105964000,127381000,120993000,96505000
Q8IVF2,216332000,222244000,170398000,173108000,210860000,240434000,180973000,205693000
Q8N1N4,10906000,6793360,6232700,9412550,8546650,11837700,8363980,11179600
Q8N474,114550000,203854000,195309000,246944000,194799000,272943000,225518000,158254000
Q8NFJ6,0,0,0,0,0,0,0,0
Q8TAX7,4144570000,3236700000,3049120000,3903340000,3354740000,3802890000,2809600000,3913070000
Q8WUM4,0,0,6705810,6641300,7872410,7003230,7198070,7525540
Q92743,103339000,74444200,69885000,78417400,63919000,76719800,89605500,92295200
Q92817,29357200,25109600,26486900,27462300,26714300,31857800,24649900,29933700
Q96DA0,373922000,289928000,289153000,351562000,257380000,356378000,324563000,342104000
Q96DR8,835219000,0,0,0,695300000,0,859422000,0
Q96FW1,14639200,11948100,10221600,11192500,9823930,10348100,15465700,13045700
Q96KP4,144427000,153181000,108964000,170425000,136881000,176493000,149739000,161259000
Q96PD5,0,2139690,1886910,17054400,13817800,14345400,16935200,18827200
Q96S96,0,31450600,31849500,43582000,26963700,46216700,39684500,55519500
Q96TA1,13969400,11078800,9208560,10335700,10673200,0,9647750,6263030
Q99497,24727400,21076300,17031200,23989100,20686800,24609800,22579300,25075400
Q99735,14266900,11231200,5067630,11570300,10104700,10966100,14767400,14678400
Q99935,13514100000,11139800000,9565620000,10566100000,9149950000,12164900000,11782300000,13270500000
Q99954,5207080000,3845460000,3733440000,4562100000,3343560000,4663380000,4273150000,5153960000
Q9BR76,54186300,40048700,39611000,41645700,37717000,49204700,34194400,43781700
Q9BRA2,18932000,17865200,16791500,19727500,13838900,22645400,21333500,23578100
Q9BW04,9854660,9793710,14705500,16028400,9783500,13006700,15903600,15727900
Q9GZZ8,105900000000,73372200000,67576200000,82674400000,74885800000,79182900000,85517800000,85706600000
Q9H299,0,0,13106300,0,0,0,0,0
Q9H4A4,0,38360500,22818100,40886600,29311900,31457600,34513100,35088700
Q9HC38,0,24390500,21548000,22731600,15727500,26622600,0,23964800
Q9HCY8,0,1956710,2559420,2890710,2176280,3745680,2928110,2086470
Q9NR45,36296300,27677200,19405500,0,23744700,33157200,23955300,29956300
Q9NRJ3,0,8827250,9039140,10261200,9821810,12826400,8216160,8474260
Q9NY33,0,4018270,2660210,0,2684660,1458880,1681090,0
Q9NZT1,41170100,27705800,23949600,40451200,38843600,16148000,36655000,27039600
Q9P1F3,0,0,2886550,0,0,0,0,0
Q9P1U1,26837000,0,17493600,0,20336300,27116700,17006200,29473400
Q9UBC9,36327300,27541800,25632900,28623700,27957900,34641700,30322700,33826500
Q9UBL6,5208210,5185110,5789170,6836110,4647990,4959520,5985400,6958500
Q9UBQ7,0,0,4486950,1984500,0,0,0,0
Q9UGM3,9600200000,7684210000,6800230000,8669330000,7395430000,9013900000,8882400000,9393320000
Q9UHY7,0,5385600,5793500,7514470,5101830,0,7119690,6828340
Q9UL46,10404900,7031070,7166360,9378360,6006850,9058240,11196500,12039900
Q9Y5Z4,45444400,34906900,29322700,46364600,30969900,47215600,31444000,41287600
Q9Y6X0,0,0,0,0,0,0,0,0
